lat,lon,year,AGB,NDVI,soil_clay,soil_sand,soil_silt,groundwater_depth,total_precipitation,peatland_fraction,elevation,clay,sand,silt,elev,peat,annual_precip,rzm,elevation_peat,precip_clay_interaction,Hydraulic_Stress,clay_median,sand_median,silt_median,elev_median,peat_median,clay_median.1,sand_median.1,silt_median.1,elev_median.1,peat_median.1,clay_median.2,sand_median.2,silt_median.2,elev_median.2,peat_median.2,clay_median,sand_median,silt_median,elev_median,peat_median
-2.541666667,111.9583333,1993,65.59501402,0.6867356300354004,369.0,280.0,353.0,,2915.452949523926,3.2985629272564907,25.0,369,280,353,25,3.2985629272564907,1993,1993,82.46407318141226,735417,0.9994984954864594,"{'_idx': 0, 'median': 369, 'year': 1993}","{'_idx': 0, 'median': 280, 'year': 1993}","{'_idx': 0, 'median': 353, 'year': 1993}","{'_idx': 0, 'median': 25, 'year': 1993}","{'_idx': 0, 'median': 3.2985629272564907, 'year': 1993}","{'_idx': 0, 'median': 369, 'year': 1993}","{'_idx': 0, 'median': 280, 'year': 1993}","{'_idx': 0, 'median': 353, 'year': 1993}","{'_idx': 0, 'median': 25, 'year': 1993}","{'_idx': 0, 'median': 3.2985629272564907, 'year': 1993}","{'_idx': 0, 'median': 369, 'year': 1993}","{'_idx': 0, 'median': 280, 'year': 1993}","{'_idx': 0, 'median': 353, 'year': 1993}","{'_idx': 0, 'median': 25, 'year': 1993}","{'_idx': 0, 'median': 3.2985629272564907, 'year': 1993}","{'_idx': 0, 'median': 369, 'year': 1993}","{'_idx': 0, 'median': 280, 'year': 1993}","{'_idx': 0, 'median': 353, 'year': 1993}","{'_idx': 0, 'median': 25, 'year': 1993}","{'_idx': 0, 'median': 3.2985629272564907, 'year': 1993}"
-2.541666667,111.9583333,1994,60.98251909,0.736608624,369.0,280.0,353.0,,2624.599528312683,3.2985629272564907,25.0,369,280,353,25,3.2985629272564907,1994,1994,82.46407318141226,735786,0.9994987468671679,"{'_idx': 1, 'median': 369, 'year': 1994}","{'_idx': 1, 'median': 280, 'year': 1994}","{'_idx': 1, 'median': 353, 'year': 1994}","{'_idx': 1, 'median': 25, 'year': 1994}","{'_idx': 1, 'median': 3.2985629272564907, 'year': 1994}","{'_idx': 1, 'median': 369, 'year': 1994}","{'_idx': 1, 'median': 280, 'year': 1994}","{'_idx': 1, 'median': 353, 'year': 1994}","{'_idx': 1, 'median': 25, 'year': 1994}","{'_idx': 1, 'median': 3.2985629272564907, 'year': 1994}","{'_idx': 1, 'median': 369, 'year': 1994}","{'_idx': 1, 'median': 280, 'year': 1994}","{'_idx': 1, 'median': 353, 'year': 1994}","{'_idx': 1, 'median': 25, 'year': 1994}","{'_idx': 1, 'median': 3.2985629272564907, 'year': 1994}","{'_idx': 1, 'median': 369, 'year': 1994}","{'_idx': 1, 'median': 280, 'year': 1994}","{'_idx': 1, 'median': 353, 'year': 1994}","{'_idx': 1, 'median': 25, 'year': 1994}","{'_idx': 1, 'median': 3.2985629272564907, 'year': 1994}"
-2.541666667,111.9583333,1995,60.0375193,0.7366493344306946,369.0,280.0,353.0,,3164.1510622501373,3.2985629272564907,25.0,369,280,353,25,3.2985629272564907,1995,1995,82.46407318141226,736155,0.999498997995992,"{'_idx': 2, 'median': 369, 'year': 1995}","{'_idx': 2, 'median': 280, 'year': 1995}","{'_idx': 2, 'median': 353, 'year': 1995}","{'_idx': 2, 'median': 25, 'year': 1995}","{'_idx': 2, 'median': 3.2985629272564907, 'year': 1995}","{'_idx': 2, 'median': 369, 'year': 1995}","{'_idx': 2, 'median': 280, 'year': 1995}","{'_idx': 2, 'median': 353, 'year': 1995}","{'_idx': 2, 'median': 25, 'year': 1995}","{'_idx': 2, 'median': 3.2985629272564907, 'year': 1995}","{'_idx': 2, 'median': 369, 'year': 1995}","{'_idx': 2, 'median': 280, 'year': 1995}","{'_idx': 2, 'median': 353, 'year': 1995}","{'_idx': 2, 'median': 25, 'year': 1995}","{'_idx': 2, 'median': 3.2985629272564907, 'year': 1995}","{'_idx': 2, 'median': 369, 'year': 1995}","{'_idx': 2, 'median': 280, 'year': 1995}","{'_idx': 2, 'median': 353, 'year': 1995}","{'_idx': 2, 'median': 25, 'year': 1995}","{'_idx': 2, 'median': 3.2985629272564907, 'year': 1995}"
-2.541666667,111.9583333,1996,59.79502139,0.8269712924957275,369.0,280.0,353.0,,3016.043040037155,3.2985629272564907,25.0,369,280,353,25,3.2985629272564907,1996,1996,82.46407318141226,736524,0.99949924887331,"{'_idx': 3, 'median': 369, 'year': 1996}","{'_idx': 3, 'median': 280, 'year': 1996}","{'_idx': 3, 'median': 353, 'year': 1996}","{'_idx': 3, 'median': 25, 'year': 1996}","{'_idx': 3, 'median': 3.2985629272564907, 'year': 1996}","{'_idx': 3, 'median': 369, 'year': 1996}","{'_idx': 3, 'median': 280, 'year': 1996}","{'_idx': 3, 'median': 353, 'year': 1996}","{'_idx': 3, 'median': 25, 'year': 1996}","{'_idx': 3, 'median': 3.2985629272564907, 'year': 1996}","{'_idx': 3, 'median': 369, 'year': 1996}","{'_idx': 3, 'median': 280, 'year': 1996}","{'_idx': 3, 'median': 353, 'year': 1996}","{'_idx': 3, 'median': 25, 'year': 1996}","{'_idx': 3, 'median': 3.2985629272564907, 'year': 1996}","{'_idx': 3, 'median': 369, 'year': 1996}","{'_idx': 3, 'median': 280, 'year': 1996}","{'_idx': 3, 'median': 353, 'year': 1996}","{'_idx': 3, 'median': 25, 'year': 1996}","{'_idx': 3, 'median': 3.2985629272564907, 'year': 1996}"
-2.541666667,111.9583333,1997,57.0450105,0.6708093285560608,369.0,280.0,353.0,,2037.5988364219663,3.2985629272564907,25.0,369,280,353,25,3.2985629272564907,1997,1997,82.46407318141226,736893,0.9994994994994995,"{'_idx': 4, 'median': 369, 'year': 1997}","{'_idx': 4, 'median': 280, 'year': 1997}","{'_idx': 4, 'median': 353, 'year': 1997}","{'_idx': 4, 'median': 25, 'year': 1997}","{'_idx': 4, 'median': 3.2985629272564907, 'year': 1997}","{'_idx': 4, 'median': 369, 'year': 1997}","{'_idx': 4, 'median': 280, 'year': 1997}","{'_idx': 4, 'median': 353, 'year': 1997}","{'_idx': 4, 'median': 25, 'year': 1997}","{'_idx': 4, 'median': 3.2985629272564907, 'year': 1997}","{'_idx': 4, 'median': 369, 'year': 1997}","{'_idx': 4, 'median': 280, 'year': 1997}","{'_idx': 4, 'median': 353, 'year': 1997}","{'_idx': 4, 'median': 25, 'year': 1997}","{'_idx': 4, 'median': 3.2985629272564907, 'year': 1997}","{'_idx': 4, 'median': 369, 'year': 1997}","{'_idx': 4, 'median': 280, 'year': 1997}","{'_idx': 4, 'median': 353, 'year': 1997}","{'_idx': 4, 'median': 25, 'year': 1997}","{'_idx': 4, 'median': 3.2985629272564907, 'year': 1997}"
-2.541666667,111.9583333,1998,57.02251532,0.4456168413162231,369.0,280.0,353.0,,3673.5040807724,3.2985629272564907,25.0,369,280,353,25,3.2985629272564907,1998,1998,82.46407318141226,737262,0.9994997498749375,"{'_idx': 5, 'median': 369, 'year': 1998}","{'_idx': 5, 'median': 280, 'year': 1998}","{'_idx': 5, 'median': 353, 'year': 1998}","{'_idx': 5, 'median': 25, 'year': 1998}","{'_idx': 5, 'median': 3.2985629272564907, 'year': 1998}","{'_idx': 5, 'median': 369, 'year': 1998}","{'_idx': 5, 'median': 280, 'year': 1998}","{'_idx': 5, 'median': 353, 'year': 1998}","{'_idx': 5, 'median': 25, 'year': 1998}","{'_idx': 5, 'median': 3.2985629272564907, 'year': 1998}","{'_idx': 5, 'median': 369, 'year': 1998}","{'_idx': 5, 'median': 280, 'year': 1998}","{'_idx': 5, 'median': 353, 'year': 1998}","{'_idx': 5, 'median': 25, 'year': 1998}","{'_idx': 5, 'median': 3.2985629272564907, 'year': 1998}","{'_idx': 5, 'median': 369, 'year': 1998}","{'_idx': 5, 'median': 280, 'year': 1998}","{'_idx': 5, 'median': 353, 'year': 1998}","{'_idx': 5, 'median': 25, 'year': 1998}","{'_idx': 5, 'median': 3.2985629272564907, 'year': 1998}"
-2.541666667,111.9583333,1999,60.07751939,0.3427172005176544,369.0,280.0,353.0,,3279.838092327118,3.2985629272564907,25.0,369,280,353,25,3.2985629272564907,1999,1999,82.46407318141226,737631,0.9995,"{'_idx': 6, 'median': 369, 'year': 1999}","{'_idx': 6, 'median': 280, 'year': 1999}","{'_idx': 6, 'median': 353, 'year': 1999}","{'_idx': 6, 'median': 25, 'year': 1999}","{'_idx': 6, 'median': 3.2985629272564907, 'year': 1999}","{'_idx': 6, 'median': 369, 'year': 1999}","{'_idx': 6, 'median': 280, 'year': 1999}","{'_idx': 6, 'median': 353, 'year': 1999}","{'_idx': 6, 'median': 25, 'year': 1999}","{'_idx': 6, 'median': 3.2985629272564907, 'year': 1999}","{'_idx': 6, 'median': 369, 'year': 1999}","{'_idx': 6, 'median': 280, 'year': 1999}","{'_idx': 6, 'median': 353, 'year': 1999}","{'_idx': 6, 'median': 25, 'year': 1999}","{'_idx': 6, 'median': 3.2985629272564907, 'year': 1999}","{'_idx': 6, 'median': 369, 'year': 1999}","{'_idx': 6, 'median': 280, 'year': 1999}","{'_idx': 6, 'median': 353, 'year': 1999}","{'_idx': 6, 'median': 25, 'year': 1999}","{'_idx': 6, 'median': 3.2985629272564907, 'year': 1999}"
-2.541666667,111.9583333,2000,59.69502158,0.7862841486930847,369.0,280.0,353.0,,3281.704326152801,3.2985629272564907,25.0,369,280,353,25,3.2985629272564907,2000,2000,82.46407318141226,738000,0.9995002498750625,"{'_idx': 7, 'median': 369, 'year': 2000}","{'_idx': 7, 'median': 280, 'year': 2000}","{'_idx': 7, 'median': 353, 'year': 2000}","{'_idx': 7, 'median': 25, 'year': 2000}","{'_idx': 7, 'median': 3.2985629272564907, 'year': 2000}","{'_idx': 7, 'median': 369, 'year': 2000}","{'_idx': 7, 'median': 280, 'year': 2000}","{'_idx': 7, 'median': 353, 'year': 2000}","{'_idx': 7, 'median': 25, 'year': 2000}","{'_idx': 7, 'median': 3.2985629272564907, 'year': 2000}","{'_idx': 7, 'median': 369, 'year': 2000}","{'_idx': 7, 'median': 280, 'year': 2000}","{'_idx': 7, 'median': 353, 'year': 2000}","{'_idx': 7, 'median': 25, 'year': 2000}","{'_idx': 7, 'median': 3.2985629272564907, 'year': 2000}","{'_idx': 7, 'median': 369, 'year': 2000}","{'_idx': 7, 'median': 280, 'year': 2000}","{'_idx': 7, 'median': 353, 'year': 2000}","{'_idx': 7, 'median': 25, 'year': 2000}","{'_idx': 7, 'median': 3.2985629272564907, 'year': 2000}"
-2.541666667,111.9583333,2001,63.72501597,0.7884920835494995,369.0,280.0,353.0,,3161.283612728119,3.2985629272564907,25.0,369,280,353,25,3.2985629272564907,2001,2001,82.46407318141226,738369,0.9995004995004995,"{'_idx': 8, 'median': 369, 'year': 2001}","{'_idx': 8, 'median': 280, 'year': 2001}","{'_idx': 8, 'median': 353, 'year': 2001}","{'_idx': 8, 'median': 25, 'year': 2001}","{'_idx': 8, 'median': 3.2985629272564907, 'year': 2001}","{'_idx': 8, 'median': 369, 'year': 2001}","{'_idx': 8, 'median': 280, 'year': 2001}","{'_idx': 8, 'median': 353, 'year': 2001}","{'_idx': 8, 'median': 25, 'year': 2001}","{'_idx': 8, 'median': 3.2985629272564907, 'year': 2001}","{'_idx': 8, 'median': 369, 'year': 2001}","{'_idx': 8, 'median': 280, 'year': 2001}","{'_idx': 8, 'median': 353, 'year': 2001}","{'_idx': 8, 'median': 25, 'year': 2001}","{'_idx': 8, 'median': 3.2985629272564907, 'year': 2001}","{'_idx': 8, 'median': 369, 'year': 2001}","{'_idx': 8, 'median': 280, 'year': 2001}","{'_idx': 8, 'median': 353, 'year': 2001}","{'_idx': 8, 'median': 25, 'year': 2001}","{'_idx': 8, 'median': 3.2985629272564907, 'year': 2001}"
-2.541666667,111.9583333,2002,66.78251328,0.7393000000000001,369.0,280.0,353.0,,2437.0212223529816,3.2985629272564907,25.0,369,280,353,25,3.2985629272564907,2002,2002,82.46407318141226,738738,0.9995007488766849,"{'_idx': 9, 'median': 369, 'year': 2002}","{'_idx': 9, 'median': 280, 'year': 2002}","{'_idx': 9, 'median': 353, 'year': 2002}","{'_idx': 9, 'median': 25, 'year': 2002}","{'_idx': 9, 'median': 3.2985629272564907, 'year': 2002}","{'_idx': 9, 'median': 369, 'year': 2002}","{'_idx': 9, 'median': 280, 'year': 2002}","{'_idx': 9, 'median': 353, 'year': 2002}","{'_idx': 9, 'median': 25, 'year': 2002}","{'_idx': 9, 'median': 3.2985629272564907, 'year': 2002}","{'_idx': 9, 'median': 369, 'year': 2002}","{'_idx': 9, 'median': 280, 'year': 2002}","{'_idx': 9, 'median': 353, 'year': 2002}","{'_idx': 9, 'median': 25, 'year': 2002}","{'_idx': 9, 'median': 3.2985629272564907, 'year': 2002}","{'_idx': 9, 'median': 369, 'year': 2002}","{'_idx': 9, 'median': 280, 'year': 2002}","{'_idx': 9, 'median': 353, 'year': 2002}","{'_idx': 9, 'median': 25, 'year': 2002}","{'_idx': 9, 'median': 3.2985629272564907, 'year': 2002}"
-2.541666667,111.9583333,2003,63.66251623,0.7813248038291931,369.0,280.0,353.0,213.22927856445312,2721.158592224121,3.2985629272564907,25.0,369,280,353,25,3.2985629272564907,2003,2003,82.46407318141226,739107,0.9995009980039921,"{'_idx': 10, 'median': 369, 'year': 2003}","{'_idx': 10, 'median': 280, 'year': 2003}","{'_idx': 10, 'median': 353, 'year': 2003}","{'_idx': 10, 'median': 25, 'year': 2003}","{'_idx': 10, 'median': 3.2985629272564907, 'year': 2003}","{'_idx': 10, 'median': 369, 'year': 2003}","{'_idx': 10, 'median': 280, 'year': 2003}","{'_idx': 10, 'median': 353, 'year': 2003}","{'_idx': 10, 'median': 25, 'year': 2003}","{'_idx': 10, 'median': 3.2985629272564907, 'year': 2003}","{'_idx': 10, 'median': 369, 'year': 2003}","{'_idx': 10, 'median': 280, 'year': 2003}","{'_idx': 10, 'median': 353, 'year': 2003}","{'_idx': 10, 'median': 25, 'year': 2003}","{'_idx': 10, 'median': 3.2985629272564907, 'year': 2003}","{'_idx': 10, 'median': 369, 'year': 2003}","{'_idx': 10, 'median': 280, 'year': 2003}","{'_idx': 10, 'median': 353, 'year': 2003}","{'_idx': 10, 'median': 25, 'year': 2003}","{'_idx': 10, 'median': 3.2985629272564907, 'year': 2003}"
-2.541666667,111.9583333,2004,70.10751546,0.7632060050964355,369.0,280.0,353.0,252.8760681152344,2337.7039756774902,3.2985629272564907,25.0,369,280,353,25,3.2985629272564907,2004,2004,82.46407318141226,739476,0.9995012468827931,"{'_idx': 11, 'median': 369, 'year': 2004}","{'_idx': 11, 'median': 280, 'year': 2004}","{'_idx': 11, 'median': 353, 'year': 2004}","{'_idx': 11, 'median': 25, 'year': 2004}","{'_idx': 11, 'median': 3.2985629272564907, 'year': 2004}","{'_idx': 11, 'median': 369, 'year': 2004}","{'_idx': 11, 'median': 280, 'year': 2004}","{'_idx': 11, 'median': 353, 'year': 2004}","{'_idx': 11, 'median': 25, 'year': 2004}","{'_idx': 11, 'median': 3.2985629272564907, 'year': 2004}","{'_idx': 11, 'median': 369, 'year': 2004}","{'_idx': 11, 'median': 280, 'year': 2004}","{'_idx': 11, 'median': 353, 'year': 2004}","{'_idx': 11, 'median': 25, 'year': 2004}","{'_idx': 11, 'median': 3.2985629272564907, 'year': 2004}","{'_idx': 11, 'median': 369, 'year': 2004}","{'_idx': 11, 'median': 280, 'year': 2004}","{'_idx': 11, 'median': 353, 'year': 2004}","{'_idx': 11, 'median': 25, 'year': 2004}","{'_idx': 11, 'median': 3.2985629272564907, 'year': 2004}"
-2.541666667,111.9583333,2005,81.30252914,0.8126348257064819,369.0,280.0,353.0,273.2954406738281,2745.6492099761963,3.2985629272564907,25.0,369,280,353,25,3.2985629272564907,2005,2005,82.46407318141226,739845,0.9995014955134596,"{'_idx': 12, 'median': 369, 'year': 2005}","{'_idx': 12, 'median': 280, 'year': 2005}","{'_idx': 12, 'median': 353, 'year': 2005}","{'_idx': 12, 'median': 25, 'year': 2005}","{'_idx': 12, 'median': 3.2985629272564907, 'year': 2005}","{'_idx': 12, 'median': 369, 'year': 2005}","{'_idx': 12, 'median': 280, 'year': 2005}","{'_idx': 12, 'median': 353, 'year': 2005}","{'_idx': 12, 'median': 25, 'year': 2005}","{'_idx': 12, 'median': 3.2985629272564907, 'year': 2005}","{'_idx': 12, 'median': 369, 'year': 2005}","{'_idx': 12, 'median': 280, 'year': 2005}","{'_idx': 12, 'median': 353, 'year': 2005}","{'_idx': 12, 'median': 25, 'year': 2005}","{'_idx': 12, 'median': 3.2985629272564907, 'year': 2005}","{'_idx': 12, 'median': 369, 'year': 2005}","{'_idx': 12, 'median': 280, 'year': 2005}","{'_idx': 12, 'median': 353, 'year': 2005}","{'_idx': 12, 'median': 25, 'year': 2005}","{'_idx': 12, 'median': 3.2985629272564907, 'year': 2005}"
-2.541666667,111.9583333,2006,89.44504456,0.7223057746887207,369.0,280.0,353.0,226.10801696777344,2719.309786081314,3.2985629272564907,25.0,369,280,353,25,3.2985629272564907,2006,2006,82.46407318141226,740214,0.9995017438963627,"{'_idx': 13, 'median': 369, 'year': 2006}","{'_idx': 13, 'median': 280, 'year': 2006}","{'_idx': 13, 'median': 353, 'year': 2006}","{'_idx': 13, 'median': 25, 'year': 2006}","{'_idx': 13, 'median': 3.2985629272564907, 'year': 2006}","{'_idx': 13, 'median': 369, 'year': 2006}","{'_idx': 13, 'median': 280, 'year': 2006}","{'_idx': 13, 'median': 353, 'year': 2006}","{'_idx': 13, 'median': 25, 'year': 2006}","{'_idx': 13, 'median': 3.2985629272564907, 'year': 2006}","{'_idx': 13, 'median': 369, 'year': 2006}","{'_idx': 13, 'median': 280, 'year': 2006}","{'_idx': 13, 'median': 353, 'year': 2006}","{'_idx': 13, 'median': 25, 'year': 2006}","{'_idx': 13, 'median': 3.2985629272564907, 'year': 2006}","{'_idx': 13, 'median': 369, 'year': 2006}","{'_idx': 13, 'median': 280, 'year': 2006}","{'_idx': 13, 'median': 353, 'year': 2006}","{'_idx': 13, 'median': 25, 'year': 2006}","{'_idx': 13, 'median': 3.2985629272564907, 'year': 2006}"
-2.541666667,111.9583333,2007,71.01251343,0.8101931810379028,369.0,280.0,353.0,260.3643798828125,3279.6511647701263,3.2985629272564907,25.0,369,280,353,25,3.2985629272564907,2007,2007,82.46407318141226,740583,0.9995019920318725,"{'_idx': 14, 'median': 369, 'year': 2007}","{'_idx': 14, 'median': 280, 'year': 2007}","{'_idx': 14, 'median': 353, 'year': 2007}","{'_idx': 14, 'median': 25, 'year': 2007}","{'_idx': 14, 'median': 3.2985629272564907, 'year': 2007}","{'_idx': 14, 'median': 369, 'year': 2007}","{'_idx': 14, 'median': 280, 'year': 2007}","{'_idx': 14, 'median': 353, 'year': 2007}","{'_idx': 14, 'median': 25, 'year': 2007}","{'_idx': 14, 'median': 3.2985629272564907, 'year': 2007}","{'_idx': 14, 'median': 369, 'year': 2007}","{'_idx': 14, 'median': 280, 'year': 2007}","{'_idx': 14, 'median': 353, 'year': 2007}","{'_idx': 14, 'median': 25, 'year': 2007}","{'_idx': 14, 'median': 3.2985629272564907, 'year': 2007}","{'_idx': 14, 'median': 369, 'year': 2007}","{'_idx': 14, 'median': 280, 'year': 2007}","{'_idx': 14, 'median': 353, 'year': 2007}","{'_idx': 14, 'median': 25, 'year': 2007}","{'_idx': 14, 'median': 3.2985629272564907, 'year': 2007}"
-2.541666667,111.9583333,2008,88.84504446,0.7975591421127319,369.0,280.0,353.0,256.5255126953125,3575.4433364868164,3.2985629272564907,25.0,369,280,353,25,3.2985629272564907,2008,2008,82.46407318141226,740952,0.9995022399203584,"{'_idx': 15, 'median': 369, 'year': 2008}","{'_idx': 15, 'median': 280, 'year': 2008}","{'_idx': 15, 'median': 353, 'year': 2008}","{'_idx': 15, 'median': 25, 'year': 2008}","{'_idx': 15, 'median': 3.2985629272564907, 'year': 2008}","{'_idx': 15, 'median': 369, 'year': 2008}","{'_idx': 15, 'median': 280, 'year': 2008}","{'_idx': 15, 'median': 353, 'year': 2008}","{'_idx': 15, 'median': 25, 'year': 2008}","{'_idx': 15, 'median': 3.2985629272564907, 'year': 2008}","{'_idx': 15, 'median': 369, 'year': 2008}","{'_idx': 15, 'median': 280, 'year': 2008}","{'_idx': 15, 'median': 353, 'year': 2008}","{'_idx': 15, 'median': 25, 'year': 2008}","{'_idx': 15, 'median': 3.2985629272564907, 'year': 2008}","{'_idx': 15, 'median': 369, 'year': 2008}","{'_idx': 15, 'median': 280, 'year': 2008}","{'_idx': 15, 'median': 353, 'year': 2008}","{'_idx': 15, 'median': 25, 'year': 2008}","{'_idx': 15, 'median': 3.2985629272564907, 'year': 2008}"
-2.541666667,111.9583333,2009,87.19754575,0.7836248278617859,369.0,280.0,353.0,224.0420684814453,2758.7075150609016,3.2985629272564907,25.0,369,280,353,25,3.2985629272564907,2009,2009,82.46407318141226,741321,0.9995024875621891,"{'_idx': 16, 'median': 369, 'year': 2009}","{'_idx': 16, 'median': 280, 'year': 2009}","{'_idx': 16, 'median': 353, 'year': 2009}","{'_idx': 16, 'median': 25, 'year': 2009}","{'_idx': 16, 'median': 3.2985629272564907, 'year': 2009}","{'_idx': 16, 'median': 369, 'year': 2009}","{'_idx': 16, 'median': 280, 'year': 2009}","{'_idx': 16, 'median': 353, 'year': 2009}","{'_idx': 16, 'median': 25, 'year': 2009}","{'_idx': 16, 'median': 3.2985629272564907, 'year': 2009}","{'_idx': 16, 'median': 369, 'year': 2009}","{'_idx': 16, 'median': 280, 'year': 2009}","{'_idx': 16, 'median': 353, 'year': 2009}","{'_idx': 16, 'median': 25, 'year': 2009}","{'_idx': 16, 'median': 3.2985629272564907, 'year': 2009}","{'_idx': 16, 'median': 369, 'year': 2009}","{'_idx': 16, 'median': 280, 'year': 2009}","{'_idx': 16, 'median': 353, 'year': 2009}","{'_idx': 16, 'median': 25, 'year': 2009}","{'_idx': 16, 'median': 3.2985629272564907, 'year': 2009}"
-2.541666667,111.9583333,2010,85.37505133,0.7866485118865967,369.0,280.0,353.0,344.4319152832031,4398.859351873398,3.2985629272564907,25.0,369,280,353,25,3.2985629272564907,2010,2010,82.46407318141226,741690,0.9995027349577325,"{'_idx': 17, 'median': 369, 'year': 2010}","{'_idx': 17, 'median': 280, 'year': 2010}","{'_idx': 17, 'median': 353, 'year': 2010}","{'_idx': 17, 'median': 25, 'year': 2010}","{'_idx': 17, 'median': 3.2985629272564907, 'year': 2010}","{'_idx': 17, 'median': 369, 'year': 2010}","{'_idx': 17, 'median': 280, 'year': 2010}","{'_idx': 17, 'median': 353, 'year': 2010}","{'_idx': 17, 'median': 25, 'year': 2010}","{'_idx': 17, 'median': 3.2985629272564907, 'year': 2010}","{'_idx': 17, 'median': 369, 'year': 2010}","{'_idx': 17, 'median': 280, 'year': 2010}","{'_idx': 17, 'median': 353, 'year': 2010}","{'_idx': 17, 'median': 25, 'year': 2010}","{'_idx': 17, 'median': 3.2985629272564907, 'year': 2010}","{'_idx': 17, 'median': 369, 'year': 2010}","{'_idx': 17, 'median': 280, 'year': 2010}","{'_idx': 17, 'median': 353, 'year': 2010}","{'_idx': 17, 'median': 25, 'year': 2010}","{'_idx': 17, 'median': 3.2985629272564907, 'year': 2010}"
-2.541666667,111.9583333,2011,80.19505212,0.8007888793945312,369.0,280.0,353.0,219.3420867919922,3163.5288227796555,3.2985629272564907,25.0,369,280,353,25,3.2985629272564907,2011,2011,82.46407318141226,742059,0.9995029821073559,"{'_idx': 18, 'median': 369, 'year': 2011}","{'_idx': 18, 'median': 280, 'year': 2011}","{'_idx': 18, 'median': 353, 'year': 2011}","{'_idx': 18, 'median': 25, 'year': 2011}","{'_idx': 18, 'median': 3.2985629272564907, 'year': 2011}","{'_idx': 18, 'median': 369, 'year': 2011}","{'_idx': 18, 'median': 280, 'year': 2011}","{'_idx': 18, 'median': 353, 'year': 2011}","{'_idx': 18, 'median': 25, 'year': 2011}","{'_idx': 18, 'median': 3.2985629272564907, 'year': 2011}","{'_idx': 18, 'median': 369, 'year': 2011}","{'_idx': 18, 'median': 280, 'year': 2011}","{'_idx': 18, 'median': 353, 'year': 2011}","{'_idx': 18, 'median': 25, 'year': 2011}","{'_idx': 18, 'median': 3.2985629272564907, 'year': 2011}","{'_idx': 18, 'median': 369, 'year': 2011}","{'_idx': 18, 'median': 280, 'year': 2011}","{'_idx': 18, 'median': 353, 'year': 2011}","{'_idx': 18, 'median': 25, 'year': 2011}","{'_idx': 18, 'median': 3.2985629272564907, 'year': 2011}"
-2.541666667,111.9583333,2012,85.36505132,0.7528,369.0,280.0,353.0,231.6387481689453,2565.146603822708,3.2985629272564907,25.0,369,280,353,25,3.2985629272564907,2012,2012,82.46407318141226,742428,0.9995032290114257,"{'_idx': 19, 'median': 369, 'year': 2012}","{'_idx': 19, 'median': 280, 'year': 2012}","{'_idx': 19, 'median': 353, 'year': 2012}","{'_idx': 19, 'median': 25, 'year': 2012}","{'_idx': 19, 'median': 3.2985629272564907, 'year': 2012}","{'_idx': 19, 'median': 369, 'year': 2012}","{'_idx': 19, 'median': 280, 'year': 2012}","{'_idx': 19, 'median': 353, 'year': 2012}","{'_idx': 19, 'median': 25, 'year': 2012}","{'_idx': 19, 'median': 3.2985629272564907, 'year': 2012}","{'_idx': 19, 'median': 369, 'year': 2012}","{'_idx': 19, 'median': 280, 'year': 2012}","{'_idx': 19, 'median': 353, 'year': 2012}","{'_idx': 19, 'median': 25, 'year': 2012}","{'_idx': 19, 'median': 3.2985629272564907, 'year': 2012}","{'_idx': 19, 'median': 369, 'year': 2012}","{'_idx': 19, 'median': 280, 'year': 2012}","{'_idx': 19, 'median': 353, 'year': 2012}","{'_idx': 19, 'median': 25, 'year': 2012}","{'_idx': 19, 'median': 3.2985629272564907, 'year': 2012}"
-2.541666667,111.9583333,2013,75.29504243,0.308085393,369.0,280.0,353.0,264.3963928222656,2932.436814546585,3.2985629272564907,25.0,369,280,353,25,3.2985629272564907,2013,2013,82.46407318141226,742797,0.9995034756703078,"{'_idx': 20, 'median': 369, 'year': 2013}","{'_idx': 20, 'median': 280, 'year': 2013}","{'_idx': 20, 'median': 353, 'year': 2013}","{'_idx': 20, 'median': 25, 'year': 2013}","{'_idx': 20, 'median': 3.2985629272564907, 'year': 2013}","{'_idx': 20, 'median': 369, 'year': 2013}","{'_idx': 20, 'median': 280, 'year': 2013}","{'_idx': 20, 'median': 353, 'year': 2013}","{'_idx': 20, 'median': 25, 'year': 2013}","{'_idx': 20, 'median': 3.2985629272564907, 'year': 2013}","{'_idx': 20, 'median': 369, 'year': 2013}","{'_idx': 20, 'median': 280, 'year': 2013}","{'_idx': 20, 'median': 353, 'year': 2013}","{'_idx': 20, 'median': 25, 'year': 2013}","{'_idx': 20, 'median': 3.2985629272564907, 'year': 2013}","{'_idx': 20, 'median': 369, 'year': 2013}","{'_idx': 20, 'median': 280, 'year': 2013}","{'_idx': 20, 'median': 353, 'year': 2013}","{'_idx': 20, 'median': 25, 'year': 2013}","{'_idx': 20, 'median': 3.2985629272564907, 'year': 2013}"
-2.541666667,111.9583333,2014,72.34253308,0.156548051,369.0,280.0,353.0,207.5428924560547,2603.394765615464,3.2985629272564907,25.0,369,280,353,25,3.2985629272564907,2014,2014,82.46407318141226,743166,0.9995037220843672,"{'_idx': 21, 'median': 369, 'year': 2014}","{'_idx': 21, 'median': 280, 'year': 2014}","{'_idx': 21, 'median': 353, 'year': 2014}","{'_idx': 21, 'median': 25, 'year': 2014}","{'_idx': 21, 'median': 3.2985629272564907, 'year': 2014}","{'_idx': 21, 'median': 369, 'year': 2014}","{'_idx': 21, 'median': 280, 'year': 2014}","{'_idx': 21, 'median': 353, 'year': 2014}","{'_idx': 21, 'median': 25, 'year': 2014}","{'_idx': 21, 'median': 3.2985629272564907, 'year': 2014}","{'_idx': 21, 'median': 369, 'year': 2014}","{'_idx': 21, 'median': 280, 'year': 2014}","{'_idx': 21, 'median': 353, 'year': 2014}","{'_idx': 21, 'median': 25, 'year': 2014}","{'_idx': 21, 'median': 3.2985629272564907, 'year': 2014}","{'_idx': 21, 'median': 369, 'year': 2014}","{'_idx': 21, 'median': 280, 'year': 2014}","{'_idx': 21, 'median': 353, 'year': 2014}","{'_idx': 21, 'median': 25, 'year': 2014}","{'_idx': 21, 'median': 3.2985629272564907, 'year': 2014}"
-2.541666667,111.9583333,2015,83.82505127,0.855481322,369.0,280.0,353.0,217.76217651367188,2499.0873889923096,3.2985629272564907,25.0,369,280,353,25,3.2985629272564907,2015,2015,82.46407318141226,743535,0.9995039682539683,"{'_idx': 22, 'median': 369, 'year': 2015}","{'_idx': 22, 'median': 280, 'year': 2015}","{'_idx': 22, 'median': 353, 'year': 2015}","{'_idx': 22, 'median': 25, 'year': 2015}","{'_idx': 22, 'median': 3.2985629272564907, 'year': 2015}","{'_idx': 22, 'median': 369, 'year': 2015}","{'_idx': 22, 'median': 280, 'year': 2015}","{'_idx': 22, 'median': 353, 'year': 2015}","{'_idx': 22, 'median': 25, 'year': 2015}","{'_idx': 22, 'median': 3.2985629272564907, 'year': 2015}","{'_idx': 22, 'median': 369, 'year': 2015}","{'_idx': 22, 'median': 280, 'year': 2015}","{'_idx': 22, 'median': 353, 'year': 2015}","{'_idx': 22, 'median': 25, 'year': 2015}","{'_idx': 22, 'median': 3.2985629272564907, 'year': 2015}","{'_idx': 22, 'median': 369, 'year': 2015}","{'_idx': 22, 'median': 280, 'year': 2015}","{'_idx': 22, 'median': 353, 'year': 2015}","{'_idx': 22, 'median': 25, 'year': 2015}","{'_idx': 22, 'median': 3.2985629272564907, 'year': 2015}"
-2.541666667,111.9583333,2016,77.77004857,0.87179831,369.0,280.0,353.0,310.6091613769531,3403.1073698997498,3.2985629272564907,25.0,369,280,353,25,3.2985629272564907,2016,2016,82.46407318141226,743904,0.9995042141794744,"{'_idx': 23, 'median': 369, 'year': 2016}","{'_idx': 23, 'median': 280, 'year': 2016}","{'_idx': 23, 'median': 353, 'year': 2016}","{'_idx': 23, 'median': 25, 'year': 2016}","{'_idx': 23, 'median': 3.2985629272564907, 'year': 2016}","{'_idx': 23, 'median': 369, 'year': 2016}","{'_idx': 23, 'median': 280, 'year': 2016}","{'_idx': 23, 'median': 353, 'year': 2016}","{'_idx': 23, 'median': 25, 'year': 2016}","{'_idx': 23, 'median': 3.2985629272564907, 'year': 2016}","{'_idx': 23, 'median': 369, 'year': 2016}","{'_idx': 23, 'median': 280, 'year': 2016}","{'_idx': 23, 'median': 353, 'year': 2016}","{'_idx': 23, 'median': 25, 'year': 2016}","{'_idx': 23, 'median': 3.2985629272564907, 'year': 2016}","{'_idx': 23, 'median': 369, 'year': 2016}","{'_idx': 23, 'median': 280, 'year': 2016}","{'_idx': 23, 'median': 353, 'year': 2016}","{'_idx': 23, 'median': 25, 'year': 2016}","{'_idx': 23, 'median': 3.2985629272564907, 'year': 2016}"
-2.541666667,111.9583333,2017,67.60253588,0.516794846,369.0,280.0,353.0,289.28582763671875,3215.309141755104,3.2985629272564907,25.0,369,280,353,25,3.2985629272564907,2017,2017,82.46407318141226,744273,0.9995044598612488,"{'_idx': 24, 'median': 369, 'year': 2017}","{'_idx': 24, 'median': 280, 'year': 2017}","{'_idx': 24, 'median': 353, 'year': 2017}","{'_idx': 24, 'median': 25, 'year': 2017}","{'_idx': 24, 'median': 3.2985629272564907, 'year': 2017}","{'_idx': 24, 'median': 369, 'year': 2017}","{'_idx': 24, 'median': 280, 'year': 2017}","{'_idx': 24, 'median': 353, 'year': 2017}","{'_idx': 24, 'median': 25, 'year': 2017}","{'_idx': 24, 'median': 3.2985629272564907, 'year': 2017}","{'_idx': 24, 'median': 369, 'year': 2017}","{'_idx': 24, 'median': 280, 'year': 2017}","{'_idx': 24, 'median': 353, 'year': 2017}","{'_idx': 24, 'median': 25, 'year': 2017}","{'_idx': 24, 'median': 3.2985629272564907, 'year': 2017}","{'_idx': 24, 'median': 369, 'year': 2017}","{'_idx': 24, 'median': 280, 'year': 2017}","{'_idx': 24, 'median': 353, 'year': 2017}","{'_idx': 24, 'median': 25, 'year': 2017}","{'_idx': 24, 'median': 3.2985629272564907, 'year': 2017}"
-2.541666667,111.9583333,2018,66.80003593,0.841199173,369.0,280.0,353.0,268.5122375488281,2783.302115202877,3.2985629272564907,25.0,369,280,353,25,3.2985629272564907,2018,2018,82.46407318141226,744642,0.9995047052996533,"{'_idx': 25, 'median': 369, 'year': 2018}","{'_idx': 25, 'median': 280, 'year': 2018}","{'_idx': 25, 'median': 353, 'year': 2018}","{'_idx': 25, 'median': 25, 'year': 2018}","{'_idx': 25, 'median': 3.2985629272564907, 'year': 2018}","{'_idx': 25, 'median': 369, 'year': 2018}","{'_idx': 25, 'median': 280, 'year': 2018}","{'_idx': 25, 'median': 353, 'year': 2018}","{'_idx': 25, 'median': 25, 'year': 2018}","{'_idx': 25, 'median': 3.2985629272564907, 'year': 2018}","{'_idx': 25, 'median': 369, 'year': 2018}","{'_idx': 25, 'median': 280, 'year': 2018}","{'_idx': 25, 'median': 353, 'year': 2018}","{'_idx': 25, 'median': 25, 'year': 2018}","{'_idx': 25, 'median': 3.2985629272564907, 'year': 2018}","{'_idx': 25, 'median': 369, 'year': 2018}","{'_idx': 25, 'median': 280, 'year': 2018}","{'_idx': 25, 'median': 353, 'year': 2018}","{'_idx': 25, 'median': 25, 'year': 2018}","{'_idx': 25, 'median': 3.2985629272564907, 'year': 2018}"
-2.541666667,111.9583333,2019,67.622535,0.874544366,369.0,280.0,353.0,294.60614013671875,2409.892571434786,3.2985629272564907,25.0,369,280,353,25,3.2985629272564907,2019,2019,82.46407318141226,745011,0.9995049504950495,"{'_idx': 26, 'median': 369, 'year': 2019}","{'_idx': 26, 'median': 280, 'year': 2019}","{'_idx': 26, 'median': 353, 'year': 2019}","{'_idx': 26, 'median': 25, 'year': 2019}","{'_idx': 26, 'median': 3.2985629272564907, 'year': 2019}","{'_idx': 26, 'median': 369, 'year': 2019}","{'_idx': 26, 'median': 280, 'year': 2019}","{'_idx': 26, 'median': 353, 'year': 2019}","{'_idx': 26, 'median': 25, 'year': 2019}","{'_idx': 26, 'median': 3.2985629272564907, 'year': 2019}","{'_idx': 26, 'median': 369, 'year': 2019}","{'_idx': 26, 'median': 280, 'year': 2019}","{'_idx': 26, 'median': 353, 'year': 2019}","{'_idx': 26, 'median': 25, 'year': 2019}","{'_idx': 26, 'median': 3.2985629272564907, 'year': 2019}","{'_idx': 26, 'median': 369, 'year': 2019}","{'_idx': 26, 'median': 280, 'year': 2019}","{'_idx': 26, 'median': 353, 'year': 2019}","{'_idx': 26, 'median': 25, 'year': 2019}","{'_idx': 26, 'median': 3.2985629272564907, 'year': 2019}"
-2.541666667,111.9583333,2020,66.02253593,0.359590972,369.0,280.0,353.0,330.5669860839844,3946.927682226524,3.2985629272564907,25.0,369,280,353,25,3.2985629272564907,2020,2020,82.46407318141226,745380,0.9995051954477981,"{'_idx': 27, 'median': 369, 'year': 2020}","{'_idx': 27, 'median': 280, 'year': 2020}","{'_idx': 27, 'median': 353, 'year': 2020}","{'_idx': 27, 'median': 25, 'year': 2020}","{'_idx': 27, 'median': 3.2985629272564907, 'year': 2020}","{'_idx': 27, 'median': 369, 'year': 2020}","{'_idx': 27, 'median': 280, 'year': 2020}","{'_idx': 27, 'median': 353, 'year': 2020}","{'_idx': 27, 'median': 25, 'year': 2020}","{'_idx': 27, 'median': 3.2985629272564907, 'year': 2020}","{'_idx': 27, 'median': 369, 'year': 2020}","{'_idx': 27, 'median': 280, 'year': 2020}","{'_idx': 27, 'median': 353, 'year': 2020}","{'_idx': 27, 'median': 25, 'year': 2020}","{'_idx': 27, 'median': 3.2985629272564907, 'year': 2020}","{'_idx': 27, 'median': 369, 'year': 2020}","{'_idx': 27, 'median': 280, 'year': 2020}","{'_idx': 27, 'median': 353, 'year': 2020}","{'_idx': 27, 'median': 25, 'year': 2020}","{'_idx': 27, 'median': 3.2985629272564907, 'year': 2020}"
-2.541666667,112.0416667,1993,77.4525195,0.7643441557884216,366.0,292.0,345.0,,2972.0900597572327,1.656877202956993,36.0,366,292,345,36,1.656877202956993,1993,1993,59.647579306451746,729438,0.9994984954864594,"{'_idx': 28, 'median': 366, 'year': 1993}","{'_idx': 28, 'median': 292, 'year': 1993}","{'_idx': 28, 'median': 345, 'year': 1993}","{'_idx': 28, 'median': 36, 'year': 1993}","{'_idx': 28, 'median': 1.656877202956993, 'year': 1993}","{'_idx': 28, 'median': 366, 'year': 1993}","{'_idx': 28, 'median': 292, 'year': 1993}","{'_idx': 28, 'median': 345, 'year': 1993}","{'_idx': 28, 'median': 36, 'year': 1993}","{'_idx': 28, 'median': 1.656877202956993, 'year': 1993}","{'_idx': 28, 'median': 366, 'year': 1993}","{'_idx': 28, 'median': 292, 'year': 1993}","{'_idx': 28, 'median': 345, 'year': 1993}","{'_idx': 28, 'median': 36, 'year': 1993}","{'_idx': 28, 'median': 1.656877202956993, 'year': 1993}","{'_idx': 28, 'median': 366, 'year': 1993}","{'_idx': 28, 'median': 292, 'year': 1993}","{'_idx': 28, 'median': 345, 'year': 1993}","{'_idx': 28, 'median': 36, 'year': 1993}","{'_idx': 28, 'median': 1.656877202956993, 'year': 1993}"
-2.541666667,112.0416667,1994,73.02251227,0.7967972755432129,366.0,292.0,345.0,,2692.4616639614105,1.656877202956993,36.0,366,292,345,36,1.656877202956993,1994,1994,59.647579306451746,729804,0.9994987468671679,"{'_idx': 29, 'median': 366, 'year': 1994}","{'_idx': 29, 'median': 292, 'year': 1994}","{'_idx': 29, 'median': 345, 'year': 1994}","{'_idx': 29, 'median': 36, 'year': 1994}","{'_idx': 29, 'median': 1.656877202956993, 'year': 1994}","{'_idx': 29, 'median': 366, 'year': 1994}","{'_idx': 29, 'median': 292, 'year': 1994}","{'_idx': 29, 'median': 345, 'year': 1994}","{'_idx': 29, 'median': 36, 'year': 1994}","{'_idx': 29, 'median': 1.656877202956993, 'year': 1994}","{'_idx': 29, 'median': 366, 'year': 1994}","{'_idx': 29, 'median': 292, 'year': 1994}","{'_idx': 29, 'median': 345, 'year': 1994}","{'_idx': 29, 'median': 36, 'year': 1994}","{'_idx': 29, 'median': 1.656877202956993, 'year': 1994}","{'_idx': 29, 'median': 366, 'year': 1994}","{'_idx': 29, 'median': 292, 'year': 1994}","{'_idx': 29, 'median': 345, 'year': 1994}","{'_idx': 29, 'median': 36, 'year': 1994}","{'_idx': 29, 'median': 1.656877202956993, 'year': 1994}"
-2.541666667,112.0416667,1995,72.86751107,0.7228732705116272,366.0,292.0,345.0,,3162.152910709381,1.656877202956993,36.0,366,292,345,36,1.656877202956993,1995,1995,59.647579306451746,730170,0.999498997995992,"{'_idx': 30, 'median': 366, 'year': 1995}","{'_idx': 30, 'median': 292, 'year': 1995}","{'_idx': 30, 'median': 345, 'year': 1995}","{'_idx': 30, 'median': 36, 'year': 1995}","{'_idx': 30, 'median': 1.656877202956993, 'year': 1995}","{'_idx': 30, 'median': 366, 'year': 1995}","{'_idx': 30, 'median': 292, 'year': 1995}","{'_idx': 30, 'median': 345, 'year': 1995}","{'_idx': 30, 'median': 36, 'year': 1995}","{'_idx': 30, 'median': 1.656877202956993, 'year': 1995}","{'_idx': 30, 'median': 366, 'year': 1995}","{'_idx': 30, 'median': 292, 'year': 1995}","{'_idx': 30, 'median': 345, 'year': 1995}","{'_idx': 30, 'median': 36, 'year': 1995}","{'_idx': 30, 'median': 1.656877202956993, 'year': 1995}","{'_idx': 30, 'median': 366, 'year': 1995}","{'_idx': 30, 'median': 292, 'year': 1995}","{'_idx': 30, 'median': 345, 'year': 1995}","{'_idx': 30, 'median': 36, 'year': 1995}","{'_idx': 30, 'median': 1.656877202956993, 'year': 1995}"
-2.541666667,112.0416667,1996,72.75001038,0.48010093,366.0,292.0,345.0,,3112.3519353866577,1.656877202956993,36.0,366,292,345,36,1.656877202956993,1996,1996,59.647579306451746,730536,0.99949924887331,"{'_idx': 31, 'median': 366, 'year': 1996}","{'_idx': 31, 'median': 292, 'year': 1996}","{'_idx': 31, 'median': 345, 'year': 1996}","{'_idx': 31, 'median': 36, 'year': 1996}","{'_idx': 31, 'median': 1.656877202956993, 'year': 1996}","{'_idx': 31, 'median': 366, 'year': 1996}","{'_idx': 31, 'median': 292, 'year': 1996}","{'_idx': 31, 'median': 345, 'year': 1996}","{'_idx': 31, 'median': 36, 'year': 1996}","{'_idx': 31, 'median': 1.656877202956993, 'year': 1996}","{'_idx': 31, 'median': 366, 'year': 1996}","{'_idx': 31, 'median': 292, 'year': 1996}","{'_idx': 31, 'median': 345, 'year': 1996}","{'_idx': 31, 'median': 36, 'year': 1996}","{'_idx': 31, 'median': 1.656877202956993, 'year': 1996}","{'_idx': 31, 'median': 366, 'year': 1996}","{'_idx': 31, 'median': 292, 'year': 1996}","{'_idx': 31, 'median': 345, 'year': 1996}","{'_idx': 31, 'median': 36, 'year': 1996}","{'_idx': 31, 'median': 1.656877202956993, 'year': 1996}"
-2.541666667,112.0416667,1997,66.59001459,0.3213291764259338,366.0,292.0,345.0,,2011.8437237739563,1.656877202956993,36.0,366,292,345,36,1.656877202956993,1997,1997,59.647579306451746,730902,0.9994994994994995,"{'_idx': 32, 'median': 366, 'year': 1997}","{'_idx': 32, 'median': 292, 'year': 1997}","{'_idx': 32, 'median': 345, 'year': 1997}","{'_idx': 32, 'median': 36, 'year': 1997}","{'_idx': 32, 'median': 1.656877202956993, 'year': 1997}","{'_idx': 32, 'median': 366, 'year': 1997}","{'_idx': 32, 'median': 292, 'year': 1997}","{'_idx': 32, 'median': 345, 'year': 1997}","{'_idx': 32, 'median': 36, 'year': 1997}","{'_idx': 32, 'median': 1.656877202956993, 'year': 1997}","{'_idx': 32, 'median': 366, 'year': 1997}","{'_idx': 32, 'median': 292, 'year': 1997}","{'_idx': 32, 'median': 345, 'year': 1997}","{'_idx': 32, 'median': 36, 'year': 1997}","{'_idx': 32, 'median': 1.656877202956993, 'year': 1997}","{'_idx': 32, 'median': 366, 'year': 1997}","{'_idx': 32, 'median': 292, 'year': 1997}","{'_idx': 32, 'median': 345, 'year': 1997}","{'_idx': 32, 'median': 36, 'year': 1997}","{'_idx': 32, 'median': 1.656877202956993, 'year': 1997}"
-2.541666667,112.0416667,1998,67.97751268,0.3156870305538177,366.0,292.0,345.0,,3558.246013402939,1.656877202956993,36.0,366,292,345,36,1.656877202956993,1998,1998,59.647579306451746,731268,0.9994997498749375,"{'_idx': 33, 'median': 366, 'year': 1998}","{'_idx': 33, 'median': 292, 'year': 1998}","{'_idx': 33, 'median': 345, 'year': 1998}","{'_idx': 33, 'median': 36, 'year': 1998}","{'_idx': 33, 'median': 1.656877202956993, 'year': 1998}","{'_idx': 33, 'median': 366, 'year': 1998}","{'_idx': 33, 'median': 292, 'year': 1998}","{'_idx': 33, 'median': 345, 'year': 1998}","{'_idx': 33, 'median': 36, 'year': 1998}","{'_idx': 33, 'median': 1.656877202956993, 'year': 1998}","{'_idx': 33, 'median': 366, 'year': 1998}","{'_idx': 33, 'median': 292, 'year': 1998}","{'_idx': 33, 'median': 345, 'year': 1998}","{'_idx': 33, 'median': 36, 'year': 1998}","{'_idx': 33, 'median': 1.656877202956993, 'year': 1998}","{'_idx': 33, 'median': 366, 'year': 1998}","{'_idx': 33, 'median': 292, 'year': 1998}","{'_idx': 33, 'median': 345, 'year': 1998}","{'_idx': 33, 'median': 36, 'year': 1998}","{'_idx': 33, 'median': 1.656877202956993, 'year': 1998}"
-2.541666667,112.0416667,1999,73.02250994,0.7251151204109192,366.0,292.0,345.0,,3412.922821521759,1.656877202956993,36.0,366,292,345,36,1.656877202956993,1999,1999,59.647579306451746,731634,0.9995,"{'_idx': 34, 'median': 366, 'year': 1999}","{'_idx': 34, 'median': 292, 'year': 1999}","{'_idx': 34, 'median': 345, 'year': 1999}","{'_idx': 34, 'median': 36, 'year': 1999}","{'_idx': 34, 'median': 1.656877202956993, 'year': 1999}","{'_idx': 34, 'median': 366, 'year': 1999}","{'_idx': 34, 'median': 292, 'year': 1999}","{'_idx': 34, 'median': 345, 'year': 1999}","{'_idx': 34, 'median': 36, 'year': 1999}","{'_idx': 34, 'median': 1.656877202956993, 'year': 1999}","{'_idx': 34, 'median': 366, 'year': 1999}","{'_idx': 34, 'median': 292, 'year': 1999}","{'_idx': 34, 'median': 345, 'year': 1999}","{'_idx': 34, 'median': 36, 'year': 1999}","{'_idx': 34, 'median': 1.656877202956993, 'year': 1999}","{'_idx': 34, 'median': 366, 'year': 1999}","{'_idx': 34, 'median': 292, 'year': 1999}","{'_idx': 34, 'median': 345, 'year': 1999}","{'_idx': 34, 'median': 36, 'year': 1999}","{'_idx': 34, 'median': 1.656877202956993, 'year': 1999}"
-2.541666667,112.0416667,2000,72.9250095,0.7104431986808777,366.0,292.0,345.0,,3296.572650909424,1.656877202956993,36.0,366,292,345,36,1.656877202956993,2000,2000,59.647579306451746,732000,0.9995002498750625,"{'_idx': 35, 'median': 366, 'year': 2000}","{'_idx': 35, 'median': 292, 'year': 2000}","{'_idx': 35, 'median': 345, 'year': 2000}","{'_idx': 35, 'median': 36, 'year': 2000}","{'_idx': 35, 'median': 1.656877202956993, 'year': 2000}","{'_idx': 35, 'median': 366, 'year': 2000}","{'_idx': 35, 'median': 292, 'year': 2000}","{'_idx': 35, 'median': 345, 'year': 2000}","{'_idx': 35, 'median': 36, 'year': 2000}","{'_idx': 35, 'median': 1.656877202956993, 'year': 2000}","{'_idx': 35, 'median': 366, 'year': 2000}","{'_idx': 35, 'median': 292, 'year': 2000}","{'_idx': 35, 'median': 345, 'year': 2000}","{'_idx': 35, 'median': 36, 'year': 2000}","{'_idx': 35, 'median': 1.656877202956993, 'year': 2000}","{'_idx': 35, 'median': 366, 'year': 2000}","{'_idx': 35, 'median': 292, 'year': 2000}","{'_idx': 35, 'median': 345, 'year': 2000}","{'_idx': 35, 'median': 36, 'year': 2000}","{'_idx': 35, 'median': 1.656877202956993, 'year': 2000}"
-2.541666667,112.0416667,2001,77.31501941,0.7001585364341736,366.0,292.0,345.0,,3126.481912136078,1.656877202956993,36.0,366,292,345,36,1.656877202956993,2001,2001,59.647579306451746,732366,0.9995004995004995,"{'_idx': 36, 'median': 366, 'year': 2001}","{'_idx': 36, 'median': 292, 'year': 2001}","{'_idx': 36, 'median': 345, 'year': 2001}","{'_idx': 36, 'median': 36, 'year': 2001}","{'_idx': 36, 'median': 1.656877202956993, 'year': 2001}","{'_idx': 36, 'median': 366, 'year': 2001}","{'_idx': 36, 'median': 292, 'year': 2001}","{'_idx': 36, 'median': 345, 'year': 2001}","{'_idx': 36, 'median': 36, 'year': 2001}","{'_idx': 36, 'median': 1.656877202956993, 'year': 2001}","{'_idx': 36, 'median': 366, 'year': 2001}","{'_idx': 36, 'median': 292, 'year': 2001}","{'_idx': 36, 'median': 345, 'year': 2001}","{'_idx': 36, 'median': 36, 'year': 2001}","{'_idx': 36, 'median': 1.656877202956993, 'year': 2001}","{'_idx': 36, 'median': 366, 'year': 2001}","{'_idx': 36, 'median': 292, 'year': 2001}","{'_idx': 36, 'median': 345, 'year': 2001}","{'_idx': 36, 'median': 36, 'year': 2001}","{'_idx': 36, 'median': 1.656877202956993, 'year': 2001}"
-2.541666667,112.0416667,2002,77.4525195,0.7777000000000001,366.0,292.0,345.0,,2482.583889484405,1.656877202956993,36.0,366,292,345,36,1.656877202956993,2002,2002,59.647579306451746,732732,0.9995007488766849,"{'_idx': 37, 'median': 366, 'year': 2002}","{'_idx': 37, 'median': 292, 'year': 2002}","{'_idx': 37, 'median': 345, 'year': 2002}","{'_idx': 37, 'median': 36, 'year': 2002}","{'_idx': 37, 'median': 1.656877202956993, 'year': 2002}","{'_idx': 37, 'median': 366, 'year': 2002}","{'_idx': 37, 'median': 292, 'year': 2002}","{'_idx': 37, 'median': 345, 'year': 2002}","{'_idx': 37, 'median': 36, 'year': 2002}","{'_idx': 37, 'median': 1.656877202956993, 'year': 2002}","{'_idx': 37, 'median': 366, 'year': 2002}","{'_idx': 37, 'median': 292, 'year': 2002}","{'_idx': 37, 'median': 345, 'year': 2002}","{'_idx': 37, 'median': 36, 'year': 2002}","{'_idx': 37, 'median': 1.656877202956993, 'year': 2002}","{'_idx': 37, 'median': 366, 'year': 2002}","{'_idx': 37, 'median': 292, 'year': 2002}","{'_idx': 37, 'median': 345, 'year': 2002}","{'_idx': 37, 'median': 36, 'year': 2002}","{'_idx': 37, 'median': 1.656877202956993, 'year': 2002}"
-2.541666667,112.0416667,2003,71.87751047,0.6578251123428345,366.0,292.0,345.0,256.75885009765625,2738.3400653600693,1.656877202956993,36.0,366,292,345,36,1.656877202956993,2003,2003,59.647579306451746,733098,0.9995009980039921,"{'_idx': 38, 'median': 366, 'year': 2003}","{'_idx': 38, 'median': 292, 'year': 2003}","{'_idx': 38, 'median': 345, 'year': 2003}","{'_idx': 38, 'median': 36, 'year': 2003}","{'_idx': 38, 'median': 1.656877202956993, 'year': 2003}","{'_idx': 38, 'median': 366, 'year': 2003}","{'_idx': 38, 'median': 292, 'year': 2003}","{'_idx': 38, 'median': 345, 'year': 2003}","{'_idx': 38, 'median': 36, 'year': 2003}","{'_idx': 38, 'median': 1.656877202956993, 'year': 2003}","{'_idx': 38, 'median': 366, 'year': 2003}","{'_idx': 38, 'median': 292, 'year': 2003}","{'_idx': 38, 'median': 345, 'year': 2003}","{'_idx': 38, 'median': 36, 'year': 2003}","{'_idx': 38, 'median': 1.656877202956993, 'year': 2003}","{'_idx': 38, 'median': 366, 'year': 2003}","{'_idx': 38, 'median': 292, 'year': 2003}","{'_idx': 38, 'median': 345, 'year': 2003}","{'_idx': 38, 'median': 36, 'year': 2003}","{'_idx': 38, 'median': 1.656877202956993, 'year': 2003}"
-2.541666667,112.0416667,2004,76.14252764,0.7186533808708191,366.0,292.0,345.0,328.697998046875,2331.967123031616,1.656877202956993,36.0,366,292,345,36,1.656877202956993,2004,2004,59.647579306451746,733464,0.9995012468827931,"{'_idx': 39, 'median': 366, 'year': 2004}","{'_idx': 39, 'median': 292, 'year': 2004}","{'_idx': 39, 'median': 345, 'year': 2004}","{'_idx': 39, 'median': 36, 'year': 2004}","{'_idx': 39, 'median': 1.656877202956993, 'year': 2004}","{'_idx': 39, 'median': 366, 'year': 2004}","{'_idx': 39, 'median': 292, 'year': 2004}","{'_idx': 39, 'median': 345, 'year': 2004}","{'_idx': 39, 'median': 36, 'year': 2004}","{'_idx': 39, 'median': 1.656877202956993, 'year': 2004}","{'_idx': 39, 'median': 366, 'year': 2004}","{'_idx': 39, 'median': 292, 'year': 2004}","{'_idx': 39, 'median': 345, 'year': 2004}","{'_idx': 39, 'median': 36, 'year': 2004}","{'_idx': 39, 'median': 1.656877202956993, 'year': 2004}","{'_idx': 39, 'median': 366, 'year': 2004}","{'_idx': 39, 'median': 292, 'year': 2004}","{'_idx': 39, 'median': 345, 'year': 2004}","{'_idx': 39, 'median': 36, 'year': 2004}","{'_idx': 39, 'median': 1.656877202956993, 'year': 2004}"
-2.541666667,112.0416667,2005,81.94251836,0.8241980671882629,366.0,292.0,345.0,349.2362670898437,2716.469094514847,1.656877202956993,36.0,366,292,345,36,1.656877202956993,2005,2005,59.647579306451746,733830,0.9995014955134596,"{'_idx': 40, 'median': 366, 'year': 2005}","{'_idx': 40, 'median': 292, 'year': 2005}","{'_idx': 40, 'median': 345, 'year': 2005}","{'_idx': 40, 'median': 36, 'year': 2005}","{'_idx': 40, 'median': 1.656877202956993, 'year': 2005}","{'_idx': 40, 'median': 366, 'year': 2005}","{'_idx': 40, 'median': 292, 'year': 2005}","{'_idx': 40, 'median': 345, 'year': 2005}","{'_idx': 40, 'median': 36, 'year': 2005}","{'_idx': 40, 'median': 1.656877202956993, 'year': 2005}","{'_idx': 40, 'median': 366, 'year': 2005}","{'_idx': 40, 'median': 292, 'year': 2005}","{'_idx': 40, 'median': 345, 'year': 2005}","{'_idx': 40, 'median': 36, 'year': 2005}","{'_idx': 40, 'median': 1.656877202956993, 'year': 2005}","{'_idx': 40, 'median': 366, 'year': 2005}","{'_idx': 40, 'median': 292, 'year': 2005}","{'_idx': 40, 'median': 345, 'year': 2005}","{'_idx': 40, 'median': 36, 'year': 2005}","{'_idx': 40, 'median': 1.656877202956993, 'year': 2005}"
-2.541666667,112.0416667,2006,83.73001044,0.7383793592453003,366.0,292.0,345.0,269.4506225585937,2706.9769990444183,1.656877202956993,36.0,366,292,345,36,1.656877202956993,2006,2006,59.647579306451746,734196,0.9995017438963627,"{'_idx': 41, 'median': 366, 'year': 2006}","{'_idx': 41, 'median': 292, 'year': 2006}","{'_idx': 41, 'median': 345, 'year': 2006}","{'_idx': 41, 'median': 36, 'year': 2006}","{'_idx': 41, 'median': 1.656877202956993, 'year': 2006}","{'_idx': 41, 'median': 366, 'year': 2006}","{'_idx': 41, 'median': 292, 'year': 2006}","{'_idx': 41, 'median': 345, 'year': 2006}","{'_idx': 41, 'median': 36, 'year': 2006}","{'_idx': 41, 'median': 1.656877202956993, 'year': 2006}","{'_idx': 41, 'median': 366, 'year': 2006}","{'_idx': 41, 'median': 292, 'year': 2006}","{'_idx': 41, 'median': 345, 'year': 2006}","{'_idx': 41, 'median': 36, 'year': 2006}","{'_idx': 41, 'median': 1.656877202956993, 'year': 2006}","{'_idx': 41, 'median': 366, 'year': 2006}","{'_idx': 41, 'median': 292, 'year': 2006}","{'_idx': 41, 'median': 345, 'year': 2006}","{'_idx': 41, 'median': 36, 'year': 2006}","{'_idx': 41, 'median': 1.656877202956993, 'year': 2006}"
-2.541666667,112.0416667,2007,78.66002519,0.8262828588485718,366.0,292.0,345.0,333.8148498535156,3235.694447040558,1.656877202956993,36.0,366,292,345,36,1.656877202956993,2007,2007,59.647579306451746,734562,0.9995019920318725,"{'_idx': 42, 'median': 366, 'year': 2007}","{'_idx': 42, 'median': 292, 'year': 2007}","{'_idx': 42, 'median': 345, 'year': 2007}","{'_idx': 42, 'median': 36, 'year': 2007}","{'_idx': 42, 'median': 1.656877202956993, 'year': 2007}","{'_idx': 42, 'median': 366, 'year': 2007}","{'_idx': 42, 'median': 292, 'year': 2007}","{'_idx': 42, 'median': 345, 'year': 2007}","{'_idx': 42, 'median': 36, 'year': 2007}","{'_idx': 42, 'median': 1.656877202956993, 'year': 2007}","{'_idx': 42, 'median': 366, 'year': 2007}","{'_idx': 42, 'median': 292, 'year': 2007}","{'_idx': 42, 'median': 345, 'year': 2007}","{'_idx': 42, 'median': 36, 'year': 2007}","{'_idx': 42, 'median': 1.656877202956993, 'year': 2007}","{'_idx': 42, 'median': 366, 'year': 2007}","{'_idx': 42, 'median': 292, 'year': 2007}","{'_idx': 42, 'median': 345, 'year': 2007}","{'_idx': 42, 'median': 36, 'year': 2007}","{'_idx': 42, 'median': 1.656877202956993, 'year': 2007}"
-2.541666667,112.0416667,2008,80.7425222,0.767454207,366.0,292.0,345.0,330.8658142089844,3587.6965429782867,1.656877202956993,36.0,366,292,345,36,1.656877202956993,2008,2008,59.647579306451746,734928,0.9995022399203584,"{'_idx': 43, 'median': 366, 'year': 2008}","{'_idx': 43, 'median': 292, 'year': 2008}","{'_idx': 43, 'median': 345, 'year': 2008}","{'_idx': 43, 'median': 36, 'year': 2008}","{'_idx': 43, 'median': 1.656877202956993, 'year': 2008}","{'_idx': 43, 'median': 366, 'year': 2008}","{'_idx': 43, 'median': 292, 'year': 2008}","{'_idx': 43, 'median': 345, 'year': 2008}","{'_idx': 43, 'median': 36, 'year': 2008}","{'_idx': 43, 'median': 1.656877202956993, 'year': 2008}","{'_idx': 43, 'median': 366, 'year': 2008}","{'_idx': 43, 'median': 292, 'year': 2008}","{'_idx': 43, 'median': 345, 'year': 2008}","{'_idx': 43, 'median': 36, 'year': 2008}","{'_idx': 43, 'median': 1.656877202956993, 'year': 2008}","{'_idx': 43, 'median': 366, 'year': 2008}","{'_idx': 43, 'median': 292, 'year': 2008}","{'_idx': 43, 'median': 345, 'year': 2008}","{'_idx': 43, 'median': 36, 'year': 2008}","{'_idx': 43, 'median': 1.656877202956993, 'year': 2008}"
-2.541666667,112.0416667,2009,81.97251797,0.800712526,366.0,292.0,345.0,270.1690979003906,2767.736750125885,1.656877202956993,36.0,366,292,345,36,1.656877202956993,2009,2009,59.647579306451746,735294,0.9995024875621891,"{'_idx': 44, 'median': 366, 'year': 2009}","{'_idx': 44, 'median': 292, 'year': 2009}","{'_idx': 44, 'median': 345, 'year': 2009}","{'_idx': 44, 'median': 36, 'year': 2009}","{'_idx': 44, 'median': 1.656877202956993, 'year': 2009}","{'_idx': 44, 'median': 366, 'year': 2009}","{'_idx': 44, 'median': 292, 'year': 2009}","{'_idx': 44, 'median': 345, 'year': 2009}","{'_idx': 44, 'median': 36, 'year': 2009}","{'_idx': 44, 'median': 1.656877202956993, 'year': 2009}","{'_idx': 44, 'median': 366, 'year': 2009}","{'_idx': 44, 'median': 292, 'year': 2009}","{'_idx': 44, 'median': 345, 'year': 2009}","{'_idx': 44, 'median': 36, 'year': 2009}","{'_idx': 44, 'median': 1.656877202956993, 'year': 2009}","{'_idx': 44, 'median': 366, 'year': 2009}","{'_idx': 44, 'median': 292, 'year': 2009}","{'_idx': 44, 'median': 345, 'year': 2009}","{'_idx': 44, 'median': 36, 'year': 2009}","{'_idx': 44, 'median': 1.656877202956993, 'year': 2009}"
-2.541666667,112.0416667,2010,82.22751661,0.8185285329818726,366.0,292.0,345.0,367.7217712402344,4353.563986778259,1.656877202956993,36.0,366,292,345,36,1.656877202956993,2010,2010,59.647579306451746,735660,0.9995027349577325,"{'_idx': 45, 'median': 366, 'year': 2010}","{'_idx': 45, 'median': 292, 'year': 2010}","{'_idx': 45, 'median': 345, 'year': 2010}","{'_idx': 45, 'median': 36, 'year': 2010}","{'_idx': 45, 'median': 1.656877202956993, 'year': 2010}","{'_idx': 45, 'median': 366, 'year': 2010}","{'_idx': 45, 'median': 292, 'year': 2010}","{'_idx': 45, 'median': 345, 'year': 2010}","{'_idx': 45, 'median': 36, 'year': 2010}","{'_idx': 45, 'median': 1.656877202956993, 'year': 2010}","{'_idx': 45, 'median': 366, 'year': 2010}","{'_idx': 45, 'median': 292, 'year': 2010}","{'_idx': 45, 'median': 345, 'year': 2010}","{'_idx': 45, 'median': 36, 'year': 2010}","{'_idx': 45, 'median': 1.656877202956993, 'year': 2010}","{'_idx': 45, 'median': 366, 'year': 2010}","{'_idx': 45, 'median': 292, 'year': 2010}","{'_idx': 45, 'median': 345, 'year': 2010}","{'_idx': 45, 'median': 36, 'year': 2010}","{'_idx': 45, 'median': 1.656877202956993, 'year': 2010}"
-2.541666667,112.0416667,2011,83.87251057,0.7629084587097168,366.0,292.0,345.0,268.95977783203125,3207.2083032131195,1.656877202956993,36.0,366,292,345,36,1.656877202956993,2011,2011,59.647579306451746,736026,0.9995029821073559,"{'_idx': 46, 'median': 366, 'year': 2011}","{'_idx': 46, 'median': 292, 'year': 2011}","{'_idx': 46, 'median': 345, 'year': 2011}","{'_idx': 46, 'median': 36, 'year': 2011}","{'_idx': 46, 'median': 1.656877202956993, 'year': 2011}","{'_idx': 46, 'median': 366, 'year': 2011}","{'_idx': 46, 'median': 292, 'year': 2011}","{'_idx': 46, 'median': 345, 'year': 2011}","{'_idx': 46, 'median': 36, 'year': 2011}","{'_idx': 46, 'median': 1.656877202956993, 'year': 2011}","{'_idx': 46, 'median': 366, 'year': 2011}","{'_idx': 46, 'median': 292, 'year': 2011}","{'_idx': 46, 'median': 345, 'year': 2011}","{'_idx': 46, 'median': 36, 'year': 2011}","{'_idx': 46, 'median': 1.656877202956993, 'year': 2011}","{'_idx': 46, 'median': 366, 'year': 2011}","{'_idx': 46, 'median': 292, 'year': 2011}","{'_idx': 46, 'median': 345, 'year': 2011}","{'_idx': 46, 'median': 36, 'year': 2011}","{'_idx': 46, 'median': 1.656877202956993, 'year': 2011}"
-2.541666667,112.0416667,2012,83.37751239,0.7851,366.0,292.0,345.0,274.510986328125,2624.3066866397858,1.656877202956993,36.0,366,292,345,36,1.656877202956993,2012,2012,59.647579306451746,736392,0.9995032290114257,"{'_idx': 47, 'median': 366, 'year': 2012}","{'_idx': 47, 'median': 292, 'year': 2012}","{'_idx': 47, 'median': 345, 'year': 2012}","{'_idx': 47, 'median': 36, 'year': 2012}","{'_idx': 47, 'median': 1.656877202956993, 'year': 2012}","{'_idx': 47, 'median': 366, 'year': 2012}","{'_idx': 47, 'median': 292, 'year': 2012}","{'_idx': 47, 'median': 345, 'year': 2012}","{'_idx': 47, 'median': 36, 'year': 2012}","{'_idx': 47, 'median': 1.656877202956993, 'year': 2012}","{'_idx': 47, 'median': 366, 'year': 2012}","{'_idx': 47, 'median': 292, 'year': 2012}","{'_idx': 47, 'median': 345, 'year': 2012}","{'_idx': 47, 'median': 36, 'year': 2012}","{'_idx': 47, 'median': 1.656877202956993, 'year': 2012}","{'_idx': 47, 'median': 366, 'year': 2012}","{'_idx': 47, 'median': 292, 'year': 2012}","{'_idx': 47, 'median': 345, 'year': 2012}","{'_idx': 47, 'median': 36, 'year': 2012}","{'_idx': 47, 'median': 1.656877202956993, 'year': 2012}"
-2.541666667,112.0416667,2013,80.90001104,0.827296852,366.0,292.0,345.0,319.6205444335937,2959.237878918648,1.656877202956993,36.0,366,292,345,36,1.656877202956993,2013,2013,59.647579306451746,736758,0.9995034756703078,"{'_idx': 48, 'median': 366, 'year': 2013}","{'_idx': 48, 'median': 292, 'year': 2013}","{'_idx': 48, 'median': 345, 'year': 2013}","{'_idx': 48, 'median': 36, 'year': 2013}","{'_idx': 48, 'median': 1.656877202956993, 'year': 2013}","{'_idx': 48, 'median': 366, 'year': 2013}","{'_idx': 48, 'median': 292, 'year': 2013}","{'_idx': 48, 'median': 345, 'year': 2013}","{'_idx': 48, 'median': 36, 'year': 2013}","{'_idx': 48, 'median': 1.656877202956993, 'year': 2013}","{'_idx': 48, 'median': 366, 'year': 2013}","{'_idx': 48, 'median': 292, 'year': 2013}","{'_idx': 48, 'median': 345, 'year': 2013}","{'_idx': 48, 'median': 36, 'year': 2013}","{'_idx': 48, 'median': 1.656877202956993, 'year': 2013}","{'_idx': 48, 'median': 366, 'year': 2013}","{'_idx': 48, 'median': 292, 'year': 2013}","{'_idx': 48, 'median': 345, 'year': 2013}","{'_idx': 48, 'median': 36, 'year': 2013}","{'_idx': 48, 'median': 1.656877202956993, 'year': 2013}"
-2.541666667,112.0416667,2014,78.75751116,0.736051746,366.0,292.0,345.0,243.7377166748047,2633.046664953232,1.656877202956993,36.0,366,292,345,36,1.656877202956993,2014,2014,59.647579306451746,737124,0.9995037220843672,"{'_idx': 49, 'median': 366, 'year': 2014}","{'_idx': 49, 'median': 292, 'year': 2014}","{'_idx': 49, 'median': 345, 'year': 2014}","{'_idx': 49, 'median': 36, 'year': 2014}","{'_idx': 49, 'median': 1.656877202956993, 'year': 2014}","{'_idx': 49, 'median': 366, 'year': 2014}","{'_idx': 49, 'median': 292, 'year': 2014}","{'_idx': 49, 'median': 345, 'year': 2014}","{'_idx': 49, 'median': 36, 'year': 2014}","{'_idx': 49, 'median': 1.656877202956993, 'year': 2014}","{'_idx': 49, 'median': 366, 'year': 2014}","{'_idx': 49, 'median': 292, 'year': 2014}","{'_idx': 49, 'median': 345, 'year': 2014}","{'_idx': 49, 'median': 36, 'year': 2014}","{'_idx': 49, 'median': 1.656877202956993, 'year': 2014}","{'_idx': 49, 'median': 366, 'year': 2014}","{'_idx': 49, 'median': 292, 'year': 2014}","{'_idx': 49, 'median': 345, 'year': 2014}","{'_idx': 49, 'median': 36, 'year': 2014}","{'_idx': 49, 'median': 1.656877202956993, 'year': 2014}"
-2.541666667,112.0416667,2015,84.01500903,0.840392486,366.0,292.0,345.0,237.36181640625,2504.480815410614,1.656877202956993,36.0,366,292,345,36,1.656877202956993,2015,2015,59.647579306451746,737490,0.9995039682539683,"{'_idx': 50, 'median': 366, 'year': 2015}","{'_idx': 50, 'median': 292, 'year': 2015}","{'_idx': 50, 'median': 345, 'year': 2015}","{'_idx': 50, 'median': 36, 'year': 2015}","{'_idx': 50, 'median': 1.656877202956993, 'year': 2015}","{'_idx': 50, 'median': 366, 'year': 2015}","{'_idx': 50, 'median': 292, 'year': 2015}","{'_idx': 50, 'median': 345, 'year': 2015}","{'_idx': 50, 'median': 36, 'year': 2015}","{'_idx': 50, 'median': 1.656877202956993, 'year': 2015}","{'_idx': 50, 'median': 366, 'year': 2015}","{'_idx': 50, 'median': 292, 'year': 2015}","{'_idx': 50, 'median': 345, 'year': 2015}","{'_idx': 50, 'median': 36, 'year': 2015}","{'_idx': 50, 'median': 1.656877202956993, 'year': 2015}","{'_idx': 50, 'median': 366, 'year': 2015}","{'_idx': 50, 'median': 292, 'year': 2015}","{'_idx': 50, 'median': 345, 'year': 2015}","{'_idx': 50, 'median': 36, 'year': 2015}","{'_idx': 50, 'median': 1.656877202956993, 'year': 2015}"
-2.541666667,112.0416667,2016,83.13750911,0.856433301,366.0,292.0,345.0,342.9263000488281,3443.496195912361,1.656877202956993,36.0,366,292,345,36,1.656877202956993,2016,2016,59.647579306451746,737856,0.9995042141794744,"{'_idx': 51, 'median': 366, 'year': 2016}","{'_idx': 51, 'median': 292, 'year': 2016}","{'_idx': 51, 'median': 345, 'year': 2016}","{'_idx': 51, 'median': 36, 'year': 2016}","{'_idx': 51, 'median': 1.656877202956993, 'year': 2016}","{'_idx': 51, 'median': 366, 'year': 2016}","{'_idx': 51, 'median': 292, 'year': 2016}","{'_idx': 51, 'median': 345, 'year': 2016}","{'_idx': 51, 'median': 36, 'year': 2016}","{'_idx': 51, 'median': 1.656877202956993, 'year': 2016}","{'_idx': 51, 'median': 366, 'year': 2016}","{'_idx': 51, 'median': 292, 'year': 2016}","{'_idx': 51, 'median': 345, 'year': 2016}","{'_idx': 51, 'median': 36, 'year': 2016}","{'_idx': 51, 'median': 1.656877202956993, 'year': 2016}","{'_idx': 51, 'median': 366, 'year': 2016}","{'_idx': 51, 'median': 292, 'year': 2016}","{'_idx': 51, 'median': 345, 'year': 2016}","{'_idx': 51, 'median': 36, 'year': 2016}","{'_idx': 51, 'median': 1.656877202956993, 'year': 2016}"
-2.541666667,112.0416667,2017,67.5725169,0.73206559,366.0,292.0,345.0,345.732421875,3233.129089832306,1.656877202956993,36.0,366,292,345,36,1.656877202956993,2017,2017,59.647579306451746,738222,0.9995044598612488,"{'_idx': 52, 'median': 366, 'year': 2017}","{'_idx': 52, 'median': 292, 'year': 2017}","{'_idx': 52, 'median': 345, 'year': 2017}","{'_idx': 52, 'median': 36, 'year': 2017}","{'_idx': 52, 'median': 1.656877202956993, 'year': 2017}","{'_idx': 52, 'median': 366, 'year': 2017}","{'_idx': 52, 'median': 292, 'year': 2017}","{'_idx': 52, 'median': 345, 'year': 2017}","{'_idx': 52, 'median': 36, 'year': 2017}","{'_idx': 52, 'median': 1.656877202956993, 'year': 2017}","{'_idx': 52, 'median': 366, 'year': 2017}","{'_idx': 52, 'median': 292, 'year': 2017}","{'_idx': 52, 'median': 345, 'year': 2017}","{'_idx': 52, 'median': 36, 'year': 2017}","{'_idx': 52, 'median': 1.656877202956993, 'year': 2017}","{'_idx': 52, 'median': 366, 'year': 2017}","{'_idx': 52, 'median': 292, 'year': 2017}","{'_idx': 52, 'median': 345, 'year': 2017}","{'_idx': 52, 'median': 36, 'year': 2017}","{'_idx': 52, 'median': 1.656877202956993, 'year': 2017}"
-2.541666667,112.0416667,2018,68.7500154,0.670072963,366.0,292.0,345.0,328.5901184082031,2798.351103061564,1.656877202956993,36.0,366,292,345,36,1.656877202956993,2018,2018,59.647579306451746,738588,0.9995047052996533,"{'_idx': 53, 'median': 366, 'year': 2018}","{'_idx': 53, 'median': 292, 'year': 2018}","{'_idx': 53, 'median': 345, 'year': 2018}","{'_idx': 53, 'median': 36, 'year': 2018}","{'_idx': 53, 'median': 1.656877202956993, 'year': 2018}","{'_idx': 53, 'median': 366, 'year': 2018}","{'_idx': 53, 'median': 292, 'year': 2018}","{'_idx': 53, 'median': 345, 'year': 2018}","{'_idx': 53, 'median': 36, 'year': 2018}","{'_idx': 53, 'median': 1.656877202956993, 'year': 2018}","{'_idx': 53, 'median': 366, 'year': 2018}","{'_idx': 53, 'median': 292, 'year': 2018}","{'_idx': 53, 'median': 345, 'year': 2018}","{'_idx': 53, 'median': 36, 'year': 2018}","{'_idx': 53, 'median': 1.656877202956993, 'year': 2018}","{'_idx': 53, 'median': 366, 'year': 2018}","{'_idx': 53, 'median': 292, 'year': 2018}","{'_idx': 53, 'median': 345, 'year': 2018}","{'_idx': 53, 'median': 36, 'year': 2018}","{'_idx': 53, 'median': 1.656877202956993, 'year': 2018}"
-2.541666667,112.0416667,2019,68.23001613,0.888477167,366.0,292.0,345.0,318.99609375,2373.4149740085413,1.656877202956993,36.0,366,292,345,36,1.656877202956993,2019,2019,59.647579306451746,738954,0.9995049504950495,"{'_idx': 54, 'median': 366, 'year': 2019}","{'_idx': 54, 'median': 292, 'year': 2019}","{'_idx': 54, 'median': 345, 'year': 2019}","{'_idx': 54, 'median': 36, 'year': 2019}","{'_idx': 54, 'median': 1.656877202956993, 'year': 2019}","{'_idx': 54, 'median': 366, 'year': 2019}","{'_idx': 54, 'median': 292, 'year': 2019}","{'_idx': 54, 'median': 345, 'year': 2019}","{'_idx': 54, 'median': 36, 'year': 2019}","{'_idx': 54, 'median': 1.656877202956993, 'year': 2019}","{'_idx': 54, 'median': 366, 'year': 2019}","{'_idx': 54, 'median': 292, 'year': 2019}","{'_idx': 54, 'median': 345, 'year': 2019}","{'_idx': 54, 'median': 36, 'year': 2019}","{'_idx': 54, 'median': 1.656877202956993, 'year': 2019}","{'_idx': 54, 'median': 366, 'year': 2019}","{'_idx': 54, 'median': 292, 'year': 2019}","{'_idx': 54, 'median': 345, 'year': 2019}","{'_idx': 54, 'median': 36, 'year': 2019}","{'_idx': 54, 'median': 1.656877202956993, 'year': 2019}"
-2.541666667,112.0416667,2020,68.95751642,0.374270941,366.0,292.0,345.0,362.6401672363281,3871.7353456132114,1.656877202956993,36.0,366,292,345,36,1.656877202956993,2020,2020,59.647579306451746,739320,0.9995051954477981,"{'_idx': 55, 'median': 366, 'year': 2020}","{'_idx': 55, 'median': 292, 'year': 2020}","{'_idx': 55, 'median': 345, 'year': 2020}","{'_idx': 55, 'median': 36, 'year': 2020}","{'_idx': 55, 'median': 1.656877202956993, 'year': 2020}","{'_idx': 55, 'median': 366, 'year': 2020}","{'_idx': 55, 'median': 292, 'year': 2020}","{'_idx': 55, 'median': 345, 'year': 2020}","{'_idx': 55, 'median': 36, 'year': 2020}","{'_idx': 55, 'median': 1.656877202956993, 'year': 2020}","{'_idx': 55, 'median': 366, 'year': 2020}","{'_idx': 55, 'median': 292, 'year': 2020}","{'_idx': 55, 'median': 345, 'year': 2020}","{'_idx': 55, 'median': 36, 'year': 2020}","{'_idx': 55, 'median': 1.656877202956993, 'year': 2020}","{'_idx': 55, 'median': 366, 'year': 2020}","{'_idx': 55, 'median': 292, 'year': 2020}","{'_idx': 55, 'median': 345, 'year': 2020}","{'_idx': 55, 'median': 36, 'year': 2020}","{'_idx': 55, 'median': 1.656877202956993, 'year': 2020}"
-2.541666667,112.2916667,1993,64.69502071,0.7244921922683716,383.0,260.0,360.0,,2911.2324357032776,8.58973634102075,34.0,383,260,360,34,8.58973634102075,1993,1993,292.05103559470547,763319,0.9994984954864594,"{'_idx': 56, 'median': 383, 'year': 1993}","{'_idx': 56, 'median': 260, 'year': 1993}","{'_idx': 56, 'median': 360, 'year': 1993}","{'_idx': 56, 'median': 34, 'year': 1993}","{'_idx': 56, 'median': 8.58973634102075, 'year': 1993}","{'_idx': 56, 'median': 383, 'year': 1993}","{'_idx': 56, 'median': 260, 'year': 1993}","{'_idx': 56, 'median': 360, 'year': 1993}","{'_idx': 56, 'median': 34, 'year': 1993}","{'_idx': 56, 'median': 8.58973634102075, 'year': 1993}","{'_idx': 56, 'median': 383, 'year': 1993}","{'_idx': 56, 'median': 260, 'year': 1993}","{'_idx': 56, 'median': 360, 'year': 1993}","{'_idx': 56, 'median': 34, 'year': 1993}","{'_idx': 56, 'median': 8.58973634102075, 'year': 1993}","{'_idx': 56, 'median': 383, 'year': 1993}","{'_idx': 56, 'median': 260, 'year': 1993}","{'_idx': 56, 'median': 360, 'year': 1993}","{'_idx': 56, 'median': 34, 'year': 1993}","{'_idx': 56, 'median': 8.58973634102075, 'year': 1993}"
-2.541666667,112.2916667,1994,64.35001966,0.7159783840179443,383.0,260.0,360.0,,2679.9022241830826,8.58973634102075,34.0,383,260,360,34,8.58973634102075,1994,1994,292.05103559470547,763702,0.9994987468671679,"{'_idx': 57, 'median': 383, 'year': 1994}","{'_idx': 57, 'median': 260, 'year': 1994}","{'_idx': 57, 'median': 360, 'year': 1994}","{'_idx': 57, 'median': 34, 'year': 1994}","{'_idx': 57, 'median': 8.58973634102075, 'year': 1994}","{'_idx': 57, 'median': 383, 'year': 1994}","{'_idx': 57, 'median': 260, 'year': 1994}","{'_idx': 57, 'median': 360, 'year': 1994}","{'_idx': 57, 'median': 34, 'year': 1994}","{'_idx': 57, 'median': 8.58973634102075, 'year': 1994}","{'_idx': 57, 'median': 383, 'year': 1994}","{'_idx': 57, 'median': 260, 'year': 1994}","{'_idx': 57, 'median': 360, 'year': 1994}","{'_idx': 57, 'median': 34, 'year': 1994}","{'_idx': 57, 'median': 8.58973634102075, 'year': 1994}","{'_idx': 57, 'median': 383, 'year': 1994}","{'_idx': 57, 'median': 260, 'year': 1994}","{'_idx': 57, 'median': 360, 'year': 1994}","{'_idx': 57, 'median': 34, 'year': 1994}","{'_idx': 57, 'median': 8.58973634102075, 'year': 1994}"
-2.541666667,112.2916667,1995,65.31751909,0.5077261924743652,383.0,260.0,360.0,,3101.219701766968,8.58973634102075,34.0,383,260,360,34,8.58973634102075,1995,1995,292.05103559470547,764085,0.999498997995992,"{'_idx': 58, 'median': 383, 'year': 1995}","{'_idx': 58, 'median': 260, 'year': 1995}","{'_idx': 58, 'median': 360, 'year': 1995}","{'_idx': 58, 'median': 34, 'year': 1995}","{'_idx': 58, 'median': 8.58973634102075, 'year': 1995}","{'_idx': 58, 'median': 383, 'year': 1995}","{'_idx': 58, 'median': 260, 'year': 1995}","{'_idx': 58, 'median': 360, 'year': 1995}","{'_idx': 58, 'median': 34, 'year': 1995}","{'_idx': 58, 'median': 8.58973634102075, 'year': 1995}","{'_idx': 58, 'median': 383, 'year': 1995}","{'_idx': 58, 'median': 260, 'year': 1995}","{'_idx': 58, 'median': 360, 'year': 1995}","{'_idx': 58, 'median': 34, 'year': 1995}","{'_idx': 58, 'median': 8.58973634102075, 'year': 1995}","{'_idx': 58, 'median': 383, 'year': 1995}","{'_idx': 58, 'median': 260, 'year': 1995}","{'_idx': 58, 'median': 360, 'year': 1995}","{'_idx': 58, 'median': 34, 'year': 1995}","{'_idx': 58, 'median': 8.58973634102075, 'year': 1995}"
-2.541666667,112.2916667,1996,65.15002086,0.746586263,383.0,260.0,360.0,,3070.964869260788,8.58973634102075,34.0,383,260,360,34,8.58973634102075,1996,1996,292.05103559470547,764468,0.99949924887331,"{'_idx': 59, 'median': 383, 'year': 1996}","{'_idx': 59, 'median': 260, 'year': 1996}","{'_idx': 59, 'median': 360, 'year': 1996}","{'_idx': 59, 'median': 34, 'year': 1996}","{'_idx': 59, 'median': 8.58973634102075, 'year': 1996}","{'_idx': 59, 'median': 383, 'year': 1996}","{'_idx': 59, 'median': 260, 'year': 1996}","{'_idx': 59, 'median': 360, 'year': 1996}","{'_idx': 59, 'median': 34, 'year': 1996}","{'_idx': 59, 'median': 8.58973634102075, 'year': 1996}","{'_idx': 59, 'median': 383, 'year': 1996}","{'_idx': 59, 'median': 260, 'year': 1996}","{'_idx': 59, 'median': 360, 'year': 1996}","{'_idx': 59, 'median': 34, 'year': 1996}","{'_idx': 59, 'median': 8.58973634102075, 'year': 1996}","{'_idx': 59, 'median': 383, 'year': 1996}","{'_idx': 59, 'median': 260, 'year': 1996}","{'_idx': 59, 'median': 360, 'year': 1996}","{'_idx': 59, 'median': 34, 'year': 1996}","{'_idx': 59, 'median': 8.58973634102075, 'year': 1996}"
-2.541666667,112.2916667,1997,64.52502081,0.5873451828956604,383.0,260.0,360.0,,1926.56982421875,8.58973634102075,34.0,383,260,360,34,8.58973634102075,1997,1997,292.05103559470547,764851,0.9994994994994995,"{'_idx': 60, 'median': 383, 'year': 1997}","{'_idx': 60, 'median': 260, 'year': 1997}","{'_idx': 60, 'median': 360, 'year': 1997}","{'_idx': 60, 'median': 34, 'year': 1997}","{'_idx': 60, 'median': 8.58973634102075, 'year': 1997}","{'_idx': 60, 'median': 383, 'year': 1997}","{'_idx': 60, 'median': 260, 'year': 1997}","{'_idx': 60, 'median': 360, 'year': 1997}","{'_idx': 60, 'median': 34, 'year': 1997}","{'_idx': 60, 'median': 8.58973634102075, 'year': 1997}","{'_idx': 60, 'median': 383, 'year': 1997}","{'_idx': 60, 'median': 260, 'year': 1997}","{'_idx': 60, 'median': 360, 'year': 1997}","{'_idx': 60, 'median': 34, 'year': 1997}","{'_idx': 60, 'median': 8.58973634102075, 'year': 1997}","{'_idx': 60, 'median': 383, 'year': 1997}","{'_idx': 60, 'median': 260, 'year': 1997}","{'_idx': 60, 'median': 360, 'year': 1997}","{'_idx': 60, 'median': 34, 'year': 1997}","{'_idx': 60, 'median': 8.58973634102075, 'year': 1997}"
-2.541666667,112.2916667,1998,63.05501769,0.5244790315628052,383.0,260.0,360.0,,3341.885355949402,8.58973634102075,34.0,383,260,360,34,8.58973634102075,1998,1998,292.05103559470547,765234,0.9994997498749375,"{'_idx': 61, 'median': 383, 'year': 1998}","{'_idx': 61, 'median': 260, 'year': 1998}","{'_idx': 61, 'median': 360, 'year': 1998}","{'_idx': 61, 'median': 34, 'year': 1998}","{'_idx': 61, 'median': 8.58973634102075, 'year': 1998}","{'_idx': 61, 'median': 383, 'year': 1998}","{'_idx': 61, 'median': 260, 'year': 1998}","{'_idx': 61, 'median': 360, 'year': 1998}","{'_idx': 61, 'median': 34, 'year': 1998}","{'_idx': 61, 'median': 8.58973634102075, 'year': 1998}","{'_idx': 61, 'median': 383, 'year': 1998}","{'_idx': 61, 'median': 260, 'year': 1998}","{'_idx': 61, 'median': 360, 'year': 1998}","{'_idx': 61, 'median': 34, 'year': 1998}","{'_idx': 61, 'median': 8.58973634102075, 'year': 1998}","{'_idx': 61, 'median': 383, 'year': 1998}","{'_idx': 61, 'median': 260, 'year': 1998}","{'_idx': 61, 'median': 360, 'year': 1998}","{'_idx': 61, 'median': 34, 'year': 1998}","{'_idx': 61, 'median': 8.58973634102075, 'year': 1998}"
-2.541666667,112.2916667,1999,64.89751822,0.7325127124786377,383.0,260.0,360.0,,3223.0102643966675,8.58973634102075,34.0,383,260,360,34,8.58973634102075,1999,1999,292.05103559470547,765617,0.9995,"{'_idx': 62, 'median': 383, 'year': 1999}","{'_idx': 62, 'median': 260, 'year': 1999}","{'_idx': 62, 'median': 360, 'year': 1999}","{'_idx': 62, 'median': 34, 'year': 1999}","{'_idx': 62, 'median': 8.58973634102075, 'year': 1999}","{'_idx': 62, 'median': 383, 'year': 1999}","{'_idx': 62, 'median': 260, 'year': 1999}","{'_idx': 62, 'median': 360, 'year': 1999}","{'_idx': 62, 'median': 34, 'year': 1999}","{'_idx': 62, 'median': 8.58973634102075, 'year': 1999}","{'_idx': 62, 'median': 383, 'year': 1999}","{'_idx': 62, 'median': 260, 'year': 1999}","{'_idx': 62, 'median': 360, 'year': 1999}","{'_idx': 62, 'median': 34, 'year': 1999}","{'_idx': 62, 'median': 8.58973634102075, 'year': 1999}","{'_idx': 62, 'median': 383, 'year': 1999}","{'_idx': 62, 'median': 260, 'year': 1999}","{'_idx': 62, 'median': 360, 'year': 1999}","{'_idx': 62, 'median': 34, 'year': 1999}","{'_idx': 62, 'median': 8.58973634102075, 'year': 1999}"
-2.541666667,112.2916667,2000,64.45251819,0.6848307251930237,383.0,260.0,360.0,,3234.360238552093,8.58973634102075,34.0,383,260,360,34,8.58973634102075,2000,2000,292.05103559470547,766000,0.9995002498750625,"{'_idx': 63, 'median': 383, 'year': 2000}","{'_idx': 63, 'median': 260, 'year': 2000}","{'_idx': 63, 'median': 360, 'year': 2000}","{'_idx': 63, 'median': 34, 'year': 2000}","{'_idx': 63, 'median': 8.58973634102075, 'year': 2000}","{'_idx': 63, 'median': 383, 'year': 2000}","{'_idx': 63, 'median': 260, 'year': 2000}","{'_idx': 63, 'median': 360, 'year': 2000}","{'_idx': 63, 'median': 34, 'year': 2000}","{'_idx': 63, 'median': 8.58973634102075, 'year': 2000}","{'_idx': 63, 'median': 383, 'year': 2000}","{'_idx': 63, 'median': 260, 'year': 2000}","{'_idx': 63, 'median': 360, 'year': 2000}","{'_idx': 63, 'median': 34, 'year': 2000}","{'_idx': 63, 'median': 8.58973634102075, 'year': 2000}","{'_idx': 63, 'median': 383, 'year': 2000}","{'_idx': 63, 'median': 260, 'year': 2000}","{'_idx': 63, 'median': 360, 'year': 2000}","{'_idx': 63, 'median': 34, 'year': 2000}","{'_idx': 63, 'median': 8.58973634102075, 'year': 2000}"
-2.541666667,112.2916667,2001,63.82752974,0.3363203108310699,383.0,260.0,360.0,,3065.761543989181,8.58973634102075,34.0,383,260,360,34,8.58973634102075,2001,2001,292.05103559470547,766383,0.9995004995004995,"{'_idx': 64, 'median': 383, 'year': 2001}","{'_idx': 64, 'median': 260, 'year': 2001}","{'_idx': 64, 'median': 360, 'year': 2001}","{'_idx': 64, 'median': 34, 'year': 2001}","{'_idx': 64, 'median': 8.58973634102075, 'year': 2001}","{'_idx': 64, 'median': 383, 'year': 2001}","{'_idx': 64, 'median': 260, 'year': 2001}","{'_idx': 64, 'median': 360, 'year': 2001}","{'_idx': 64, 'median': 34, 'year': 2001}","{'_idx': 64, 'median': 8.58973634102075, 'year': 2001}","{'_idx': 64, 'median': 383, 'year': 2001}","{'_idx': 64, 'median': 260, 'year': 2001}","{'_idx': 64, 'median': 360, 'year': 2001}","{'_idx': 64, 'median': 34, 'year': 2001}","{'_idx': 64, 'median': 8.58973634102075, 'year': 2001}","{'_idx': 64, 'median': 383, 'year': 2001}","{'_idx': 64, 'median': 260, 'year': 2001}","{'_idx': 64, 'median': 360, 'year': 2001}","{'_idx': 64, 'median': 34, 'year': 2001}","{'_idx': 64, 'median': 8.58973634102075, 'year': 2001}"
-2.541666667,112.2916667,2002,59.64003795,0.5847,383.0,260.0,360.0,,2467.407880783081,8.58973634102075,34.0,383,260,360,34,8.58973634102075,2002,2002,292.05103559470547,766766,0.9995007488766849,"{'_idx': 65, 'median': 383, 'year': 2002}","{'_idx': 65, 'median': 260, 'year': 2002}","{'_idx': 65, 'median': 360, 'year': 2002}","{'_idx': 65, 'median': 34, 'year': 2002}","{'_idx': 65, 'median': 8.58973634102075, 'year': 2002}","{'_idx': 65, 'median': 383, 'year': 2002}","{'_idx': 65, 'median': 260, 'year': 2002}","{'_idx': 65, 'median': 360, 'year': 2002}","{'_idx': 65, 'median': 34, 'year': 2002}","{'_idx': 65, 'median': 8.58973634102075, 'year': 2002}","{'_idx': 65, 'median': 383, 'year': 2002}","{'_idx': 65, 'median': 260, 'year': 2002}","{'_idx': 65, 'median': 360, 'year': 2002}","{'_idx': 65, 'median': 34, 'year': 2002}","{'_idx': 65, 'median': 8.58973634102075, 'year': 2002}","{'_idx': 65, 'median': 383, 'year': 2002}","{'_idx': 65, 'median': 260, 'year': 2002}","{'_idx': 65, 'median': 360, 'year': 2002}","{'_idx': 65, 'median': 34, 'year': 2002}","{'_idx': 65, 'median': 8.58973634102075, 'year': 2002}"
-2.541666667,112.2916667,2003,62.55501851,,383.0,260.0,360.0,221.18028259277344,2759.3893142938614,8.58973634102075,34.0,383,260,360,34,8.58973634102075,2003,2003,292.05103559470547,767149,0.9995009980039921,"{'_idx': 66, 'median': 383, 'year': 2003}","{'_idx': 66, 'median': 260, 'year': 2003}","{'_idx': 66, 'median': 360, 'year': 2003}","{'_idx': 66, 'median': 34, 'year': 2003}","{'_idx': 66, 'median': 8.58973634102075, 'year': 2003}","{'_idx': 66, 'median': 383, 'year': 2003}","{'_idx': 66, 'median': 260, 'year': 2003}","{'_idx': 66, 'median': 360, 'year': 2003}","{'_idx': 66, 'median': 34, 'year': 2003}","{'_idx': 66, 'median': 8.58973634102075, 'year': 2003}","{'_idx': 66, 'median': 383, 'year': 2003}","{'_idx': 66, 'median': 260, 'year': 2003}","{'_idx': 66, 'median': 360, 'year': 2003}","{'_idx': 66, 'median': 34, 'year': 2003}","{'_idx': 66, 'median': 8.58973634102075, 'year': 2003}","{'_idx': 66, 'median': 383, 'year': 2003}","{'_idx': 66, 'median': 260, 'year': 2003}","{'_idx': 66, 'median': 360, 'year': 2003}","{'_idx': 66, 'median': 34, 'year': 2003}","{'_idx': 66, 'median': 8.58973634102075, 'year': 2003}"
-2.541666667,112.2916667,2004,66.16002815,0.6889356374740601,383.0,260.0,360.0,237.70706176757807,2358.185627222061,8.58973634102075,34.0,383,260,360,34,8.58973634102075,2004,2004,292.05103559470547,767532,0.9995012468827931,"{'_idx': 67, 'median': 383, 'year': 2004}","{'_idx': 67, 'median': 260, 'year': 2004}","{'_idx': 67, 'median': 360, 'year': 2004}","{'_idx': 67, 'median': 34, 'year': 2004}","{'_idx': 67, 'median': 8.58973634102075, 'year': 2004}","{'_idx': 67, 'median': 383, 'year': 2004}","{'_idx': 67, 'median': 260, 'year': 2004}","{'_idx': 67, 'median': 360, 'year': 2004}","{'_idx': 67, 'median': 34, 'year': 2004}","{'_idx': 67, 'median': 8.58973634102075, 'year': 2004}","{'_idx': 67, 'median': 383, 'year': 2004}","{'_idx': 67, 'median': 260, 'year': 2004}","{'_idx': 67, 'median': 360, 'year': 2004}","{'_idx': 67, 'median': 34, 'year': 2004}","{'_idx': 67, 'median': 8.58973634102075, 'year': 2004}","{'_idx': 67, 'median': 383, 'year': 2004}","{'_idx': 67, 'median': 260, 'year': 2004}","{'_idx': 67, 'median': 360, 'year': 2004}","{'_idx': 67, 'median': 34, 'year': 2004}","{'_idx': 67, 'median': 8.58973634102075, 'year': 2004}"
-2.541666667,112.2916667,2005,63.8075298,0.6282384991645813,383.0,260.0,360.0,271.41424560546875,2605.28920006752,8.58973634102075,34.0,383,260,360,34,8.58973634102075,2005,2005,292.05103559470547,767915,0.9995014955134596,"{'_idx': 68, 'median': 383, 'year': 2005}","{'_idx': 68, 'median': 260, 'year': 2005}","{'_idx': 68, 'median': 360, 'year': 2005}","{'_idx': 68, 'median': 34, 'year': 2005}","{'_idx': 68, 'median': 8.58973634102075, 'year': 2005}","{'_idx': 68, 'median': 383, 'year': 2005}","{'_idx': 68, 'median': 260, 'year': 2005}","{'_idx': 68, 'median': 360, 'year': 2005}","{'_idx': 68, 'median': 34, 'year': 2005}","{'_idx': 68, 'median': 8.58973634102075, 'year': 2005}","{'_idx': 68, 'median': 383, 'year': 2005}","{'_idx': 68, 'median': 260, 'year': 2005}","{'_idx': 68, 'median': 360, 'year': 2005}","{'_idx': 68, 'median': 34, 'year': 2005}","{'_idx': 68, 'median': 8.58973634102075, 'year': 2005}","{'_idx': 68, 'median': 383, 'year': 2005}","{'_idx': 68, 'median': 260, 'year': 2005}","{'_idx': 68, 'median': 360, 'year': 2005}","{'_idx': 68, 'median': 34, 'year': 2005}","{'_idx': 68, 'median': 8.58973634102075, 'year': 2005}"
-2.541666667,112.2916667,2006,61.00253176,0.7156409025192261,383.0,260.0,360.0,243.06741333007807,2656.849057197571,8.58973634102075,34.0,383,260,360,34,8.58973634102075,2006,2006,292.05103559470547,768298,0.9995017438963627,"{'_idx': 69, 'median': 383, 'year': 2006}","{'_idx': 69, 'median': 260, 'year': 2006}","{'_idx': 69, 'median': 360, 'year': 2006}","{'_idx': 69, 'median': 34, 'year': 2006}","{'_idx': 69, 'median': 8.58973634102075, 'year': 2006}","{'_idx': 69, 'median': 383, 'year': 2006}","{'_idx': 69, 'median': 260, 'year': 2006}","{'_idx': 69, 'median': 360, 'year': 2006}","{'_idx': 69, 'median': 34, 'year': 2006}","{'_idx': 69, 'median': 8.58973634102075, 'year': 2006}","{'_idx': 69, 'median': 383, 'year': 2006}","{'_idx': 69, 'median': 260, 'year': 2006}","{'_idx': 69, 'median': 360, 'year': 2006}","{'_idx': 69, 'median': 34, 'year': 2006}","{'_idx': 69, 'median': 8.58973634102075, 'year': 2006}","{'_idx': 69, 'median': 383, 'year': 2006}","{'_idx': 69, 'median': 260, 'year': 2006}","{'_idx': 69, 'median': 360, 'year': 2006}","{'_idx': 69, 'median': 34, 'year': 2006}","{'_idx': 69, 'median': 8.58973634102075, 'year': 2006}"
-2.541666667,112.2916667,2007,64.86751796,0.8154851794242859,383.0,260.0,360.0,264.4679260253906,3271.8993040323257,8.58973634102075,34.0,383,260,360,34,8.58973634102075,2007,2007,292.05103559470547,768681,0.9995019920318725,"{'_idx': 70, 'median': 383, 'year': 2007}","{'_idx': 70, 'median': 260, 'year': 2007}","{'_idx': 70, 'median': 360, 'year': 2007}","{'_idx': 70, 'median': 34, 'year': 2007}","{'_idx': 70, 'median': 8.58973634102075, 'year': 2007}","{'_idx': 70, 'median': 383, 'year': 2007}","{'_idx': 70, 'median': 260, 'year': 2007}","{'_idx': 70, 'median': 360, 'year': 2007}","{'_idx': 70, 'median': 34, 'year': 2007}","{'_idx': 70, 'median': 8.58973634102075, 'year': 2007}","{'_idx': 70, 'median': 383, 'year': 2007}","{'_idx': 70, 'median': 260, 'year': 2007}","{'_idx': 70, 'median': 360, 'year': 2007}","{'_idx': 70, 'median': 34, 'year': 2007}","{'_idx': 70, 'median': 8.58973634102075, 'year': 2007}","{'_idx': 70, 'median': 383, 'year': 2007}","{'_idx': 70, 'median': 260, 'year': 2007}","{'_idx': 70, 'median': 360, 'year': 2007}","{'_idx': 70, 'median': 34, 'year': 2007}","{'_idx': 70, 'median': 8.58973634102075, 'year': 2007}"
-2.541666667,112.2916667,2008,65.95002478,0.7482244372367859,383.0,260.0,360.0,269.7929992675781,3488.0804759263992,8.58973634102075,34.0,383,260,360,34,8.58973634102075,2008,2008,292.05103559470547,769064,0.9995022399203584,"{'_idx': 71, 'median': 383, 'year': 2008}","{'_idx': 71, 'median': 260, 'year': 2008}","{'_idx': 71, 'median': 360, 'year': 2008}","{'_idx': 71, 'median': 34, 'year': 2008}","{'_idx': 71, 'median': 8.58973634102075, 'year': 2008}","{'_idx': 71, 'median': 383, 'year': 2008}","{'_idx': 71, 'median': 260, 'year': 2008}","{'_idx': 71, 'median': 360, 'year': 2008}","{'_idx': 71, 'median': 34, 'year': 2008}","{'_idx': 71, 'median': 8.58973634102075, 'year': 2008}","{'_idx': 71, 'median': 383, 'year': 2008}","{'_idx': 71, 'median': 260, 'year': 2008}","{'_idx': 71, 'median': 360, 'year': 2008}","{'_idx': 71, 'median': 34, 'year': 2008}","{'_idx': 71, 'median': 8.58973634102075, 'year': 2008}","{'_idx': 71, 'median': 383, 'year': 2008}","{'_idx': 71, 'median': 260, 'year': 2008}","{'_idx': 71, 'median': 360, 'year': 2008}","{'_idx': 71, 'median': 34, 'year': 2008}","{'_idx': 71, 'median': 8.58973634102075, 'year': 2008}"
-2.541666667,112.2916667,2009,63.7775294,0.677309513,383.0,260.0,360.0,240.49420166015625,2751.6203203201294,8.58973634102075,34.0,383,260,360,34,8.58973634102075,2009,2009,292.05103559470547,769447,0.9995024875621891,"{'_idx': 72, 'median': 383, 'year': 2009}","{'_idx': 72, 'median': 260, 'year': 2009}","{'_idx': 72, 'median': 360, 'year': 2009}","{'_idx': 72, 'median': 34, 'year': 2009}","{'_idx': 72, 'median': 8.58973634102075, 'year': 2009}","{'_idx': 72, 'median': 383, 'year': 2009}","{'_idx': 72, 'median': 260, 'year': 2009}","{'_idx': 72, 'median': 360, 'year': 2009}","{'_idx': 72, 'median': 34, 'year': 2009}","{'_idx': 72, 'median': 8.58973634102075, 'year': 2009}","{'_idx': 72, 'median': 383, 'year': 2009}","{'_idx': 72, 'median': 260, 'year': 2009}","{'_idx': 72, 'median': 360, 'year': 2009}","{'_idx': 72, 'median': 34, 'year': 2009}","{'_idx': 72, 'median': 8.58973634102075, 'year': 2009}","{'_idx': 72, 'median': 383, 'year': 2009}","{'_idx': 72, 'median': 260, 'year': 2009}","{'_idx': 72, 'median': 360, 'year': 2009}","{'_idx': 72, 'median': 34, 'year': 2009}","{'_idx': 72, 'median': 8.58973634102075, 'year': 2009}"
-2.541666667,112.2916667,2010,49.53254357,0.7402520775794983,383.0,260.0,360.0,332.27166748046875,4324.081456184387,8.58973634102075,34.0,383,260,360,34,8.58973634102075,2010,2010,292.05103559470547,769830,0.9995027349577325,"{'_idx': 73, 'median': 383, 'year': 2010}","{'_idx': 73, 'median': 260, 'year': 2010}","{'_idx': 73, 'median': 360, 'year': 2010}","{'_idx': 73, 'median': 34, 'year': 2010}","{'_idx': 73, 'median': 8.58973634102075, 'year': 2010}","{'_idx': 73, 'median': 383, 'year': 2010}","{'_idx': 73, 'median': 260, 'year': 2010}","{'_idx': 73, 'median': 360, 'year': 2010}","{'_idx': 73, 'median': 34, 'year': 2010}","{'_idx': 73, 'median': 8.58973634102075, 'year': 2010}","{'_idx': 73, 'median': 383, 'year': 2010}","{'_idx': 73, 'median': 260, 'year': 2010}","{'_idx': 73, 'median': 360, 'year': 2010}","{'_idx': 73, 'median': 34, 'year': 2010}","{'_idx': 73, 'median': 8.58973634102075, 'year': 2010}","{'_idx': 73, 'median': 383, 'year': 2010}","{'_idx': 73, 'median': 260, 'year': 2010}","{'_idx': 73, 'median': 360, 'year': 2010}","{'_idx': 73, 'median': 34, 'year': 2010}","{'_idx': 73, 'median': 8.58973634102075, 'year': 2010}"
-2.541666667,112.2916667,2011,48.70004417,0.5586075186729431,383.0,260.0,360.0,233.83468627929688,3212.8284096717834,8.58973634102075,34.0,383,260,360,34,8.58973634102075,2011,2011,292.05103559470547,770213,0.9995029821073559,"{'_idx': 74, 'median': 383, 'year': 2011}","{'_idx': 74, 'median': 260, 'year': 2011}","{'_idx': 74, 'median': 360, 'year': 2011}","{'_idx': 74, 'median': 34, 'year': 2011}","{'_idx': 74, 'median': 8.58973634102075, 'year': 2011}","{'_idx': 74, 'median': 383, 'year': 2011}","{'_idx': 74, 'median': 260, 'year': 2011}","{'_idx': 74, 'median': 360, 'year': 2011}","{'_idx': 74, 'median': 34, 'year': 2011}","{'_idx': 74, 'median': 8.58973634102075, 'year': 2011}","{'_idx': 74, 'median': 383, 'year': 2011}","{'_idx': 74, 'median': 260, 'year': 2011}","{'_idx': 74, 'median': 360, 'year': 2011}","{'_idx': 74, 'median': 34, 'year': 2011}","{'_idx': 74, 'median': 8.58973634102075, 'year': 2011}","{'_idx': 74, 'median': 383, 'year': 2011}","{'_idx': 74, 'median': 260, 'year': 2011}","{'_idx': 74, 'median': 360, 'year': 2011}","{'_idx': 74, 'median': 34, 'year': 2011}","{'_idx': 74, 'median': 8.58973634102075, 'year': 2011}"
-2.541666667,112.2916667,2012,48.46004329,0.76,383.0,260.0,360.0,251.7559356689453,2606.9879956245422,8.58973634102075,34.0,383,260,360,34,8.58973634102075,2012,2012,292.05103559470547,770596,0.9995032290114257,"{'_idx': 75, 'median': 383, 'year': 2012}","{'_idx': 75, 'median': 260, 'year': 2012}","{'_idx': 75, 'median': 360, 'year': 2012}","{'_idx': 75, 'median': 34, 'year': 2012}","{'_idx': 75, 'median': 8.58973634102075, 'year': 2012}","{'_idx': 75, 'median': 383, 'year': 2012}","{'_idx': 75, 'median': 260, 'year': 2012}","{'_idx': 75, 'median': 360, 'year': 2012}","{'_idx': 75, 'median': 34, 'year': 2012}","{'_idx': 75, 'median': 8.58973634102075, 'year': 2012}","{'_idx': 75, 'median': 383, 'year': 2012}","{'_idx': 75, 'median': 260, 'year': 2012}","{'_idx': 75, 'median': 360, 'year': 2012}","{'_idx': 75, 'median': 34, 'year': 2012}","{'_idx': 75, 'median': 8.58973634102075, 'year': 2012}","{'_idx': 75, 'median': 383, 'year': 2012}","{'_idx': 75, 'median': 260, 'year': 2012}","{'_idx': 75, 'median': 360, 'year': 2012}","{'_idx': 75, 'median': 34, 'year': 2012}","{'_idx': 75, 'median': 8.58973634102075, 'year': 2012}"
-2.541666667,112.2916667,2013,42.16003601,0.262534084,383.0,260.0,360.0,274.22381591796875,2943.303789615631,8.58973634102075,34.0,383,260,360,34,8.58973634102075,2013,2013,292.05103559470547,770979,0.9995034756703078,"{'_idx': 76, 'median': 383, 'year': 2013}","{'_idx': 76, 'median': 260, 'year': 2013}","{'_idx': 76, 'median': 360, 'year': 2013}","{'_idx': 76, 'median': 34, 'year': 2013}","{'_idx': 76, 'median': 8.58973634102075, 'year': 2013}","{'_idx': 76, 'median': 383, 'year': 2013}","{'_idx': 76, 'median': 260, 'year': 2013}","{'_idx': 76, 'median': 360, 'year': 2013}","{'_idx': 76, 'median': 34, 'year': 2013}","{'_idx': 76, 'median': 8.58973634102075, 'year': 2013}","{'_idx': 76, 'median': 383, 'year': 2013}","{'_idx': 76, 'median': 260, 'year': 2013}","{'_idx': 76, 'median': 360, 'year': 2013}","{'_idx': 76, 'median': 34, 'year': 2013}","{'_idx': 76, 'median': 8.58973634102075, 'year': 2013}","{'_idx': 76, 'median': 383, 'year': 2013}","{'_idx': 76, 'median': 260, 'year': 2013}","{'_idx': 76, 'median': 360, 'year': 2013}","{'_idx': 76, 'median': 34, 'year': 2013}","{'_idx': 76, 'median': 8.58973634102075, 'year': 2013}"
-2.541666667,112.2916667,2014,38.597537,0.123912504,383.0,260.0,360.0,227.0087127685547,2636.594690322876,8.58973634102075,34.0,383,260,360,34,8.58973634102075,2014,2014,292.05103559470547,771362,0.9995037220843672,"{'_idx': 77, 'median': 383, 'year': 2014}","{'_idx': 77, 'median': 260, 'year': 2014}","{'_idx': 77, 'median': 360, 'year': 2014}","{'_idx': 77, 'median': 34, 'year': 2014}","{'_idx': 77, 'median': 8.58973634102075, 'year': 2014}","{'_idx': 77, 'median': 383, 'year': 2014}","{'_idx': 77, 'median': 260, 'year': 2014}","{'_idx': 77, 'median': 360, 'year': 2014}","{'_idx': 77, 'median': 34, 'year': 2014}","{'_idx': 77, 'median': 8.58973634102075, 'year': 2014}","{'_idx': 77, 'median': 383, 'year': 2014}","{'_idx': 77, 'median': 260, 'year': 2014}","{'_idx': 77, 'median': 360, 'year': 2014}","{'_idx': 77, 'median': 34, 'year': 2014}","{'_idx': 77, 'median': 8.58973634102075, 'year': 2014}","{'_idx': 77, 'median': 383, 'year': 2014}","{'_idx': 77, 'median': 260, 'year': 2014}","{'_idx': 77, 'median': 360, 'year': 2014}","{'_idx': 77, 'median': 34, 'year': 2014}","{'_idx': 77, 'median': 8.58973634102075, 'year': 2014}"
-2.541666667,112.2916667,2015,44.58253539,0.624964961,383.0,260.0,360.0,235.53570556640625,2508.0394711494446,8.58973634102075,34.0,383,260,360,34,8.58973634102075,2015,2015,292.05103559470547,771745,0.9995039682539683,"{'_idx': 78, 'median': 383, 'year': 2015}","{'_idx': 78, 'median': 260, 'year': 2015}","{'_idx': 78, 'median': 360, 'year': 2015}","{'_idx': 78, 'median': 34, 'year': 2015}","{'_idx': 78, 'median': 8.58973634102075, 'year': 2015}","{'_idx': 78, 'median': 383, 'year': 2015}","{'_idx': 78, 'median': 260, 'year': 2015}","{'_idx': 78, 'median': 360, 'year': 2015}","{'_idx': 78, 'median': 34, 'year': 2015}","{'_idx': 78, 'median': 8.58973634102075, 'year': 2015}","{'_idx': 78, 'median': 383, 'year': 2015}","{'_idx': 78, 'median': 260, 'year': 2015}","{'_idx': 78, 'median': 360, 'year': 2015}","{'_idx': 78, 'median': 34, 'year': 2015}","{'_idx': 78, 'median': 8.58973634102075, 'year': 2015}","{'_idx': 78, 'median': 383, 'year': 2015}","{'_idx': 78, 'median': 260, 'year': 2015}","{'_idx': 78, 'median': 360, 'year': 2015}","{'_idx': 78, 'median': 34, 'year': 2015}","{'_idx': 78, 'median': 8.58973634102075, 'year': 2015}"
-2.541666667,112.2916667,2016,45.94504066,0.866381985,383.0,260.0,360.0,293.3817443847656,3363.9854304790497,8.58973634102075,34.0,383,260,360,34,8.58973634102075,2016,2016,292.05103559470547,772128,0.9995042141794744,"{'_idx': 79, 'median': 383, 'year': 2016}","{'_idx': 79, 'median': 260, 'year': 2016}","{'_idx': 79, 'median': 360, 'year': 2016}","{'_idx': 79, 'median': 34, 'year': 2016}","{'_idx': 79, 'median': 8.58973634102075, 'year': 2016}","{'_idx': 79, 'median': 383, 'year': 2016}","{'_idx': 79, 'median': 260, 'year': 2016}","{'_idx': 79, 'median': 360, 'year': 2016}","{'_idx': 79, 'median': 34, 'year': 2016}","{'_idx': 79, 'median': 8.58973634102075, 'year': 2016}","{'_idx': 79, 'median': 383, 'year': 2016}","{'_idx': 79, 'median': 260, 'year': 2016}","{'_idx': 79, 'median': 360, 'year': 2016}","{'_idx': 79, 'median': 34, 'year': 2016}","{'_idx': 79, 'median': 8.58973634102075, 'year': 2016}","{'_idx': 79, 'median': 383, 'year': 2016}","{'_idx': 79, 'median': 260, 'year': 2016}","{'_idx': 79, 'median': 360, 'year': 2016}","{'_idx': 79, 'median': 34, 'year': 2016}","{'_idx': 79, 'median': 8.58973634102075, 'year': 2016}"
-2.541666667,112.2916667,2017,35.68004024,0.742676136,383.0,260.0,360.0,276.3212280273437,3137.2053278684616,8.58973634102075,34.0,383,260,360,34,8.58973634102075,2017,2017,292.05103559470547,772511,0.9995044598612488,"{'_idx': 80, 'median': 383, 'year': 2017}","{'_idx': 80, 'median': 260, 'year': 2017}","{'_idx': 80, 'median': 360, 'year': 2017}","{'_idx': 80, 'median': 34, 'year': 2017}","{'_idx': 80, 'median': 8.58973634102075, 'year': 2017}","{'_idx': 80, 'median': 383, 'year': 2017}","{'_idx': 80, 'median': 260, 'year': 2017}","{'_idx': 80, 'median': 360, 'year': 2017}","{'_idx': 80, 'median': 34, 'year': 2017}","{'_idx': 80, 'median': 8.58973634102075, 'year': 2017}","{'_idx': 80, 'median': 383, 'year': 2017}","{'_idx': 80, 'median': 260, 'year': 2017}","{'_idx': 80, 'median': 360, 'year': 2017}","{'_idx': 80, 'median': 34, 'year': 2017}","{'_idx': 80, 'median': 8.58973634102075, 'year': 2017}","{'_idx': 80, 'median': 383, 'year': 2017}","{'_idx': 80, 'median': 260, 'year': 2017}","{'_idx': 80, 'median': 360, 'year': 2017}","{'_idx': 80, 'median': 34, 'year': 2017}","{'_idx': 80, 'median': 8.58973634102075, 'year': 2017}"
-2.541666667,112.2916667,2018,37.25753768,0.788646456,383.0,260.0,360.0,259.4686889648437,2791.832502857576,8.58973634102075,34.0,383,260,360,34,8.58973634102075,2018,2018,292.05103559470547,772894,0.9995047052996533,"{'_idx': 81, 'median': 383, 'year': 2018}","{'_idx': 81, 'median': 260, 'year': 2018}","{'_idx': 81, 'median': 360, 'year': 2018}","{'_idx': 81, 'median': 34, 'year': 2018}","{'_idx': 81, 'median': 8.58973634102075, 'year': 2018}","{'_idx': 81, 'median': 383, 'year': 2018}","{'_idx': 81, 'median': 260, 'year': 2018}","{'_idx': 81, 'median': 360, 'year': 2018}","{'_idx': 81, 'median': 34, 'year': 2018}","{'_idx': 81, 'median': 8.58973634102075, 'year': 2018}","{'_idx': 81, 'median': 383, 'year': 2018}","{'_idx': 81, 'median': 260, 'year': 2018}","{'_idx': 81, 'median': 360, 'year': 2018}","{'_idx': 81, 'median': 34, 'year': 2018}","{'_idx': 81, 'median': 8.58973634102075, 'year': 2018}","{'_idx': 81, 'median': 383, 'year': 2018}","{'_idx': 81, 'median': 260, 'year': 2018}","{'_idx': 81, 'median': 360, 'year': 2018}","{'_idx': 81, 'median': 34, 'year': 2018}","{'_idx': 81, 'median': 8.58973634102075, 'year': 2018}"
-2.541666667,112.2916667,2019,34.80004142,0.415867474,383.0,260.0,360.0,265.5254821777344,2275.5297359228134,8.58973634102075,34.0,383,260,360,34,8.58973634102075,2019,2019,292.05103559470547,773277,0.9995049504950495,"{'_idx': 82, 'median': 383, 'year': 2019}","{'_idx': 82, 'median': 260, 'year': 2019}","{'_idx': 82, 'median': 360, 'year': 2019}","{'_idx': 82, 'median': 34, 'year': 2019}","{'_idx': 82, 'median': 8.58973634102075, 'year': 2019}","{'_idx': 82, 'median': 383, 'year': 2019}","{'_idx': 82, 'median': 260, 'year': 2019}","{'_idx': 82, 'median': 360, 'year': 2019}","{'_idx': 82, 'median': 34, 'year': 2019}","{'_idx': 82, 'median': 8.58973634102075, 'year': 2019}","{'_idx': 82, 'median': 383, 'year': 2019}","{'_idx': 82, 'median': 260, 'year': 2019}","{'_idx': 82, 'median': 360, 'year': 2019}","{'_idx': 82, 'median': 34, 'year': 2019}","{'_idx': 82, 'median': 8.58973634102075, 'year': 2019}","{'_idx': 82, 'median': 383, 'year': 2019}","{'_idx': 82, 'median': 260, 'year': 2019}","{'_idx': 82, 'median': 360, 'year': 2019}","{'_idx': 82, 'median': 34, 'year': 2019}","{'_idx': 82, 'median': 8.58973634102075, 'year': 2019}"
-2.541666667,112.2916667,2020,35.00254144,0.766144498,383.0,260.0,360.0,304.2470092773437,3769.779573746957,8.58973634102075,34.0,383,260,360,34,8.58973634102075,2020,2020,292.05103559470547,773660,0.9995051954477981,"{'_idx': 83, 'median': 383, 'year': 2020}","{'_idx': 83, 'median': 260, 'year': 2020}","{'_idx': 83, 'median': 360, 'year': 2020}","{'_idx': 83, 'median': 34, 'year': 2020}","{'_idx': 83, 'median': 8.58973634102075, 'year': 2020}","{'_idx': 83, 'median': 383, 'year': 2020}","{'_idx': 83, 'median': 260, 'year': 2020}","{'_idx': 83, 'median': 360, 'year': 2020}","{'_idx': 83, 'median': 34, 'year': 2020}","{'_idx': 83, 'median': 8.58973634102075, 'year': 2020}","{'_idx': 83, 'median': 383, 'year': 2020}","{'_idx': 83, 'median': 260, 'year': 2020}","{'_idx': 83, 'median': 360, 'year': 2020}","{'_idx': 83, 'median': 34, 'year': 2020}","{'_idx': 83, 'median': 8.58973634102075, 'year': 2020}","{'_idx': 83, 'median': 383, 'year': 2020}","{'_idx': 83, 'median': 260, 'year': 2020}","{'_idx': 83, 'median': 360, 'year': 2020}","{'_idx': 83, 'median': 34, 'year': 2020}","{'_idx': 83, 'median': 8.58973634102075, 'year': 2020}"
-2.625,112.0416667,1993,142.2924954,0.7620923519134521,381.0,281.0,340.0,,2938.66548204422,6.998666731000252,49.0,381,281,340,49,6.998666731000252,1993,1993,342.93466981901236,759333,0.9994984954864594,"{'_idx': 84, 'median': 381, 'year': 1993}","{'_idx': 84, 'median': 281, 'year': 1993}","{'_idx': 84, 'median': 340, 'year': 1993}","{'_idx': 84, 'median': 49, 'year': 1993}","{'_idx': 84, 'median': 6.998666731000252, 'year': 1993}","{'_idx': 84, 'median': 381, 'year': 1993}","{'_idx': 84, 'median': 281, 'year': 1993}","{'_idx': 84, 'median': 340, 'year': 1993}","{'_idx': 84, 'median': 49, 'year': 1993}","{'_idx': 84, 'median': 6.998666731000252, 'year': 1993}","{'_idx': 84, 'median': 381, 'year': 1993}","{'_idx': 84, 'median': 281, 'year': 1993}","{'_idx': 84, 'median': 340, 'year': 1993}","{'_idx': 84, 'median': 49, 'year': 1993}","{'_idx': 84, 'median': 6.998666731000252, 'year': 1993}","{'_idx': 84, 'median': 381, 'year': 1993}","{'_idx': 84, 'median': 281, 'year': 1993}","{'_idx': 84, 'median': 340, 'year': 1993}","{'_idx': 84, 'median': 49, 'year': 1993}","{'_idx': 84, 'median': 6.998666731000252, 'year': 1993}"
-2.625,112.0416667,1994,140.5699991,0.7858986854553223,381.0,281.0,340.0,,2649.675963163376,6.998666731000252,49.0,381,281,340,49,6.998666731000252,1994,1994,342.93466981901236,759714,0.9994987468671679,"{'_idx': 85, 'median': 381, 'year': 1994}","{'_idx': 85, 'median': 281, 'year': 1994}","{'_idx': 85, 'median': 340, 'year': 1994}","{'_idx': 85, 'median': 49, 'year': 1994}","{'_idx': 85, 'median': 6.998666731000252, 'year': 1994}","{'_idx': 85, 'median': 381, 'year': 1994}","{'_idx': 85, 'median': 281, 'year': 1994}","{'_idx': 85, 'median': 340, 'year': 1994}","{'_idx': 85, 'median': 49, 'year': 1994}","{'_idx': 85, 'median': 6.998666731000252, 'year': 1994}","{'_idx': 85, 'median': 381, 'year': 1994}","{'_idx': 85, 'median': 281, 'year': 1994}","{'_idx': 85, 'median': 340, 'year': 1994}","{'_idx': 85, 'median': 49, 'year': 1994}","{'_idx': 85, 'median': 6.998666731000252, 'year': 1994}","{'_idx': 85, 'median': 381, 'year': 1994}","{'_idx': 85, 'median': 281, 'year': 1994}","{'_idx': 85, 'median': 340, 'year': 1994}","{'_idx': 85, 'median': 49, 'year': 1994}","{'_idx': 85, 'median': 6.998666731000252, 'year': 1994}"
-2.625,112.0416667,1995,140.2524985,0.7804352045059204,381.0,281.0,340.0,,3128.0786101818085,6.998666731000252,49.0,381,281,340,49,6.998666731000252,1995,1995,342.93466981901236,760095,0.999498997995992,"{'_idx': 86, 'median': 381, 'year': 1995}","{'_idx': 86, 'median': 281, 'year': 1995}","{'_idx': 86, 'median': 340, 'year': 1995}","{'_idx': 86, 'median': 49, 'year': 1995}","{'_idx': 86, 'median': 6.998666731000252, 'year': 1995}","{'_idx': 86, 'median': 381, 'year': 1995}","{'_idx': 86, 'median': 281, 'year': 1995}","{'_idx': 86, 'median': 340, 'year': 1995}","{'_idx': 86, 'median': 49, 'year': 1995}","{'_idx': 86, 'median': 6.998666731000252, 'year': 1995}","{'_idx': 86, 'median': 381, 'year': 1995}","{'_idx': 86, 'median': 281, 'year': 1995}","{'_idx': 86, 'median': 340, 'year': 1995}","{'_idx': 86, 'median': 49, 'year': 1995}","{'_idx': 86, 'median': 6.998666731000252, 'year': 1995}","{'_idx': 86, 'median': 381, 'year': 1995}","{'_idx': 86, 'median': 281, 'year': 1995}","{'_idx': 86, 'median': 340, 'year': 1995}","{'_idx': 86, 'median': 49, 'year': 1995}","{'_idx': 86, 'median': 6.998666731000252, 'year': 1995}"
-2.625,112.0416667,1996,140.3324995,0.8131919503211975,381.0,281.0,340.0,,3068.7682695388794,6.998666731000252,49.0,381,281,340,49,6.998666731000252,1996,1996,342.93466981901236,760476,0.99949924887331,"{'_idx': 87, 'median': 381, 'year': 1996}","{'_idx': 87, 'median': 281, 'year': 1996}","{'_idx': 87, 'median': 340, 'year': 1996}","{'_idx': 87, 'median': 49, 'year': 1996}","{'_idx': 87, 'median': 6.998666731000252, 'year': 1996}","{'_idx': 87, 'median': 381, 'year': 1996}","{'_idx': 87, 'median': 281, 'year': 1996}","{'_idx': 87, 'median': 340, 'year': 1996}","{'_idx': 87, 'median': 49, 'year': 1996}","{'_idx': 87, 'median': 6.998666731000252, 'year': 1996}","{'_idx': 87, 'median': 381, 'year': 1996}","{'_idx': 87, 'median': 281, 'year': 1996}","{'_idx': 87, 'median': 340, 'year': 1996}","{'_idx': 87, 'median': 49, 'year': 1996}","{'_idx': 87, 'median': 6.998666731000252, 'year': 1996}","{'_idx': 87, 'median': 381, 'year': 1996}","{'_idx': 87, 'median': 281, 'year': 1996}","{'_idx': 87, 'median': 340, 'year': 1996}","{'_idx': 87, 'median': 49, 'year': 1996}","{'_idx': 87, 'median': 6.998666731000252, 'year': 1996}"
-2.625,112.0416667,1997,141.3524687,0.6281934976577759,381.0,281.0,340.0,,1983.4618616104128,6.998666731000252,49.0,381,281,340,49,6.998666731000252,1997,1997,342.93466981901236,760857,0.9994994994994995,"{'_idx': 88, 'median': 381, 'year': 1997}","{'_idx': 88, 'median': 281, 'year': 1997}","{'_idx': 88, 'median': 340, 'year': 1997}","{'_idx': 88, 'median': 49, 'year': 1997}","{'_idx': 88, 'median': 6.998666731000252, 'year': 1997}","{'_idx': 88, 'median': 381, 'year': 1997}","{'_idx': 88, 'median': 281, 'year': 1997}","{'_idx': 88, 'median': 340, 'year': 1997}","{'_idx': 88, 'median': 49, 'year': 1997}","{'_idx': 88, 'median': 6.998666731000252, 'year': 1997}","{'_idx': 88, 'median': 381, 'year': 1997}","{'_idx': 88, 'median': 281, 'year': 1997}","{'_idx': 88, 'median': 340, 'year': 1997}","{'_idx': 88, 'median': 49, 'year': 1997}","{'_idx': 88, 'median': 6.998666731000252, 'year': 1997}","{'_idx': 88, 'median': 381, 'year': 1997}","{'_idx': 88, 'median': 281, 'year': 1997}","{'_idx': 88, 'median': 340, 'year': 1997}","{'_idx': 88, 'median': 49, 'year': 1997}","{'_idx': 88, 'median': 6.998666731000252, 'year': 1997}"
-2.625,112.0416667,1998,136.5699871,0.6212905049324036,381.0,281.0,340.0,,3521.7873525619507,6.998666731000252,49.0,381,281,340,49,6.998666731000252,1998,1998,342.93466981901236,761238,0.9994997498749375,"{'_idx': 89, 'median': 381, 'year': 1998}","{'_idx': 89, 'median': 281, 'year': 1998}","{'_idx': 89, 'median': 340, 'year': 1998}","{'_idx': 89, 'median': 49, 'year': 1998}","{'_idx': 89, 'median': 6.998666731000252, 'year': 1998}","{'_idx': 89, 'median': 381, 'year': 1998}","{'_idx': 89, 'median': 281, 'year': 1998}","{'_idx': 89, 'median': 340, 'year': 1998}","{'_idx': 89, 'median': 49, 'year': 1998}","{'_idx': 89, 'median': 6.998666731000252, 'year': 1998}","{'_idx': 89, 'median': 381, 'year': 1998}","{'_idx': 89, 'median': 281, 'year': 1998}","{'_idx': 89, 'median': 340, 'year': 1998}","{'_idx': 89, 'median': 49, 'year': 1998}","{'_idx': 89, 'median': 6.998666731000252, 'year': 1998}","{'_idx': 89, 'median': 381, 'year': 1998}","{'_idx': 89, 'median': 281, 'year': 1998}","{'_idx': 89, 'median': 340, 'year': 1998}","{'_idx': 89, 'median': 49, 'year': 1998}","{'_idx': 89, 'median': 6.998666731000252, 'year': 1998}"
-2.625,112.0416667,1999,140.2824994,0.6699821949005127,381.0,281.0,340.0,,3372.65646648407,6.998666731000252,49.0,381,281,340,49,6.998666731000252,1999,1999,342.93466981901236,761619,0.9995,"{'_idx': 90, 'median': 381, 'year': 1999}","{'_idx': 90, 'median': 281, 'year': 1999}","{'_idx': 90, 'median': 340, 'year': 1999}","{'_idx': 90, 'median': 49, 'year': 1999}","{'_idx': 90, 'median': 6.998666731000252, 'year': 1999}","{'_idx': 90, 'median': 381, 'year': 1999}","{'_idx': 90, 'median': 281, 'year': 1999}","{'_idx': 90, 'median': 340, 'year': 1999}","{'_idx': 90, 'median': 49, 'year': 1999}","{'_idx': 90, 'median': 6.998666731000252, 'year': 1999}","{'_idx': 90, 'median': 381, 'year': 1999}","{'_idx': 90, 'median': 281, 'year': 1999}","{'_idx': 90, 'median': 340, 'year': 1999}","{'_idx': 90, 'median': 49, 'year': 1999}","{'_idx': 90, 'median': 6.998666731000252, 'year': 1999}","{'_idx': 90, 'median': 381, 'year': 1999}","{'_idx': 90, 'median': 281, 'year': 1999}","{'_idx': 90, 'median': 340, 'year': 1999}","{'_idx': 90, 'median': 49, 'year': 1999}","{'_idx': 90, 'median': 6.998666731000252, 'year': 1999}"
-2.625,112.0416667,2000,140.2899994,0.7473109364509583,381.0,281.0,340.0,,3283.766800403595,6.998666731000252,49.0,381,281,340,49,6.998666731000252,2000,2000,342.93466981901236,762000,0.9995002498750625,"{'_idx': 91, 'median': 381, 'year': 2000}","{'_idx': 91, 'median': 281, 'year': 2000}","{'_idx': 91, 'median': 340, 'year': 2000}","{'_idx': 91, 'median': 49, 'year': 2000}","{'_idx': 91, 'median': 6.998666731000252, 'year': 2000}","{'_idx': 91, 'median': 381, 'year': 2000}","{'_idx': 91, 'median': 281, 'year': 2000}","{'_idx': 91, 'median': 340, 'year': 2000}","{'_idx': 91, 'median': 49, 'year': 2000}","{'_idx': 91, 'median': 6.998666731000252, 'year': 2000}","{'_idx': 91, 'median': 381, 'year': 2000}","{'_idx': 91, 'median': 281, 'year': 2000}","{'_idx': 91, 'median': 340, 'year': 2000}","{'_idx': 91, 'median': 49, 'year': 2000}","{'_idx': 91, 'median': 6.998666731000252, 'year': 2000}","{'_idx': 91, 'median': 381, 'year': 2000}","{'_idx': 91, 'median': 281, 'year': 2000}","{'_idx': 91, 'median': 340, 'year': 2000}","{'_idx': 91, 'median': 49, 'year': 2000}","{'_idx': 91, 'median': 6.998666731000252, 'year': 2000}"
-2.625,112.0416667,2001,141.6124967,0.8257520794868469,381.0,281.0,340.0,,3047.302161216736,6.998666731000252,49.0,381,281,340,49,6.998666731000252,2001,2001,342.93466981901236,762381,0.9995004995004995,"{'_idx': 92, 'median': 381, 'year': 2001}","{'_idx': 92, 'median': 281, 'year': 2001}","{'_idx': 92, 'median': 340, 'year': 2001}","{'_idx': 92, 'median': 49, 'year': 2001}","{'_idx': 92, 'median': 6.998666731000252, 'year': 2001}","{'_idx': 92, 'median': 381, 'year': 2001}","{'_idx': 92, 'median': 281, 'year': 2001}","{'_idx': 92, 'median': 340, 'year': 2001}","{'_idx': 92, 'median': 49, 'year': 2001}","{'_idx': 92, 'median': 6.998666731000252, 'year': 2001}","{'_idx': 92, 'median': 381, 'year': 2001}","{'_idx': 92, 'median': 281, 'year': 2001}","{'_idx': 92, 'median': 340, 'year': 2001}","{'_idx': 92, 'median': 49, 'year': 2001}","{'_idx': 92, 'median': 6.998666731000252, 'year': 2001}","{'_idx': 92, 'median': 381, 'year': 2001}","{'_idx': 92, 'median': 281, 'year': 2001}","{'_idx': 92, 'median': 340, 'year': 2001}","{'_idx': 92, 'median': 49, 'year': 2001}","{'_idx': 92, 'median': 6.998666731000252, 'year': 2001}"
-2.625,112.0416667,2002,141.1799967,0.788,381.0,281.0,340.0,,2407.6551327705383,6.998666731000252,49.0,381,281,340,49,6.998666731000252,2002,2002,342.93466981901236,762762,0.9995007488766849,"{'_idx': 93, 'median': 381, 'year': 2002}","{'_idx': 93, 'median': 281, 'year': 2002}","{'_idx': 93, 'median': 340, 'year': 2002}","{'_idx': 93, 'median': 49, 'year': 2002}","{'_idx': 93, 'median': 6.998666731000252, 'year': 2002}","{'_idx': 93, 'median': 381, 'year': 2002}","{'_idx': 93, 'median': 281, 'year': 2002}","{'_idx': 93, 'median': 340, 'year': 2002}","{'_idx': 93, 'median': 49, 'year': 2002}","{'_idx': 93, 'median': 6.998666731000252, 'year': 2002}","{'_idx': 93, 'median': 381, 'year': 2002}","{'_idx': 93, 'median': 281, 'year': 2002}","{'_idx': 93, 'median': 340, 'year': 2002}","{'_idx': 93, 'median': 49, 'year': 2002}","{'_idx': 93, 'median': 6.998666731000252, 'year': 2002}","{'_idx': 93, 'median': 381, 'year': 2002}","{'_idx': 93, 'median': 281, 'year': 2002}","{'_idx': 93, 'median': 340, 'year': 2002}","{'_idx': 93, 'median': 49, 'year': 2002}","{'_idx': 93, 'median': 6.998666731000252, 'year': 2002}"
-2.625,112.0416667,2003,133.8025013,,381.0,281.0,340.0,256.75885009765625,2682.879319667816,6.998666731000252,49.0,381,281,340,49,6.998666731000252,2003,2003,342.93466981901236,763143,0.9995009980039921,"{'_idx': 94, 'median': 381, 'year': 2003}","{'_idx': 94, 'median': 281, 'year': 2003}","{'_idx': 94, 'median': 340, 'year': 2003}","{'_idx': 94, 'median': 49, 'year': 2003}","{'_idx': 94, 'median': 6.998666731000252, 'year': 2003}","{'_idx': 94, 'median': 381, 'year': 2003}","{'_idx': 94, 'median': 281, 'year': 2003}","{'_idx': 94, 'median': 340, 'year': 2003}","{'_idx': 94, 'median': 49, 'year': 2003}","{'_idx': 94, 'median': 6.998666731000252, 'year': 2003}","{'_idx': 94, 'median': 381, 'year': 2003}","{'_idx': 94, 'median': 281, 'year': 2003}","{'_idx': 94, 'median': 340, 'year': 2003}","{'_idx': 94, 'median': 49, 'year': 2003}","{'_idx': 94, 'median': 6.998666731000252, 'year': 2003}","{'_idx': 94, 'median': 381, 'year': 2003}","{'_idx': 94, 'median': 281, 'year': 2003}","{'_idx': 94, 'median': 340, 'year': 2003}","{'_idx': 94, 'median': 49, 'year': 2003}","{'_idx': 94, 'median': 6.998666731000252, 'year': 2003}"
-2.625,112.0416667,2004,143.1699917,0.7440891265869141,381.0,281.0,340.0,328.697998046875,2293.3479565382004,6.998666731000252,49.0,381,281,340,49,6.998666731000252,2004,2004,342.93466981901236,763524,0.9995012468827931,"{'_idx': 95, 'median': 381, 'year': 2004}","{'_idx': 95, 'median': 281, 'year': 2004}","{'_idx': 95, 'median': 340, 'year': 2004}","{'_idx': 95, 'median': 49, 'year': 2004}","{'_idx': 95, 'median': 6.998666731000252, 'year': 2004}","{'_idx': 95, 'median': 381, 'year': 2004}","{'_idx': 95, 'median': 281, 'year': 2004}","{'_idx': 95, 'median': 340, 'year': 2004}","{'_idx': 95, 'median': 49, 'year': 2004}","{'_idx': 95, 'median': 6.998666731000252, 'year': 2004}","{'_idx': 95, 'median': 381, 'year': 2004}","{'_idx': 95, 'median': 281, 'year': 2004}","{'_idx': 95, 'median': 340, 'year': 2004}","{'_idx': 95, 'median': 49, 'year': 2004}","{'_idx': 95, 'median': 6.998666731000252, 'year': 2004}","{'_idx': 95, 'median': 381, 'year': 2004}","{'_idx': 95, 'median': 281, 'year': 2004}","{'_idx': 95, 'median': 340, 'year': 2004}","{'_idx': 95, 'median': 49, 'year': 2004}","{'_idx': 95, 'median': 6.998666731000252, 'year': 2004}"
-2.625,112.0416667,2005,135.6949639,0.8214005827903748,381.0,281.0,340.0,349.2362670898437,2626.643719434738,6.998666731000252,49.0,381,281,340,49,6.998666731000252,2005,2005,342.93466981901236,763905,0.9995014955134596,"{'_idx': 96, 'median': 381, 'year': 2005}","{'_idx': 96, 'median': 281, 'year': 2005}","{'_idx': 96, 'median': 340, 'year': 2005}","{'_idx': 96, 'median': 49, 'year': 2005}","{'_idx': 96, 'median': 6.998666731000252, 'year': 2005}","{'_idx': 96, 'median': 381, 'year': 2005}","{'_idx': 96, 'median': 281, 'year': 2005}","{'_idx': 96, 'median': 340, 'year': 2005}","{'_idx': 96, 'median': 49, 'year': 2005}","{'_idx': 96, 'median': 6.998666731000252, 'year': 2005}","{'_idx': 96, 'median': 381, 'year': 2005}","{'_idx': 96, 'median': 281, 'year': 2005}","{'_idx': 96, 'median': 340, 'year': 2005}","{'_idx': 96, 'median': 49, 'year': 2005}","{'_idx': 96, 'median': 6.998666731000252, 'year': 2005}","{'_idx': 96, 'median': 381, 'year': 2005}","{'_idx': 96, 'median': 281, 'year': 2005}","{'_idx': 96, 'median': 340, 'year': 2005}","{'_idx': 96, 'median': 49, 'year': 2005}","{'_idx': 96, 'median': 6.998666731000252, 'year': 2005}"
-2.625,112.0416667,2006,135.6149645,0.4769673645496368,381.0,281.0,340.0,269.4506225585937,2656.158291101456,6.998666731000252,49.0,381,281,340,49,6.998666731000252,2006,2006,342.93466981901236,764286,0.9995017438963627,"{'_idx': 97, 'median': 381, 'year': 2006}","{'_idx': 97, 'median': 281, 'year': 2006}","{'_idx': 97, 'median': 340, 'year': 2006}","{'_idx': 97, 'median': 49, 'year': 2006}","{'_idx': 97, 'median': 6.998666731000252, 'year': 2006}","{'_idx': 97, 'median': 381, 'year': 2006}","{'_idx': 97, 'median': 281, 'year': 2006}","{'_idx': 97, 'median': 340, 'year': 2006}","{'_idx': 97, 'median': 49, 'year': 2006}","{'_idx': 97, 'median': 6.998666731000252, 'year': 2006}","{'_idx': 97, 'median': 381, 'year': 2006}","{'_idx': 97, 'median': 281, 'year': 2006}","{'_idx': 97, 'median': 340, 'year': 2006}","{'_idx': 97, 'median': 49, 'year': 2006}","{'_idx': 97, 'median': 6.998666731000252, 'year': 2006}","{'_idx': 97, 'median': 381, 'year': 2006}","{'_idx': 97, 'median': 281, 'year': 2006}","{'_idx': 97, 'median': 340, 'year': 2006}","{'_idx': 97, 'median': 49, 'year': 2006}","{'_idx': 97, 'median': 6.998666731000252, 'year': 2006}"
-2.625,112.0416667,2007,135.4750013,0.6045505404472351,381.0,281.0,340.0,333.8148498535156,3205.217131137848,6.998666731000252,49.0,381,281,340,49,6.998666731000252,2007,2007,342.93466981901236,764667,0.9995019920318725,"{'_idx': 98, 'median': 381, 'year': 2007}","{'_idx': 98, 'median': 281, 'year': 2007}","{'_idx': 98, 'median': 340, 'year': 2007}","{'_idx': 98, 'median': 49, 'year': 2007}","{'_idx': 98, 'median': 6.998666731000252, 'year': 2007}","{'_idx': 98, 'median': 381, 'year': 2007}","{'_idx': 98, 'median': 281, 'year': 2007}","{'_idx': 98, 'median': 340, 'year': 2007}","{'_idx': 98, 'median': 49, 'year': 2007}","{'_idx': 98, 'median': 6.998666731000252, 'year': 2007}","{'_idx': 98, 'median': 381, 'year': 2007}","{'_idx': 98, 'median': 281, 'year': 2007}","{'_idx': 98, 'median': 340, 'year': 2007}","{'_idx': 98, 'median': 49, 'year': 2007}","{'_idx': 98, 'median': 6.998666731000252, 'year': 2007}","{'_idx': 98, 'median': 381, 'year': 2007}","{'_idx': 98, 'median': 281, 'year': 2007}","{'_idx': 98, 'median': 340, 'year': 2007}","{'_idx': 98, 'median': 49, 'year': 2007}","{'_idx': 98, 'median': 6.998666731000252, 'year': 2007}"
-2.625,112.0416667,2008,140.0649991,0.7587702870368958,381.0,281.0,340.0,330.8658142089844,3458.557082891464,6.998666731000252,49.0,381,281,340,49,6.998666731000252,2008,2008,342.93466981901236,765048,0.9995022399203584,"{'_idx': 99, 'median': 381, 'year': 2008}","{'_idx': 99, 'median': 281, 'year': 2008}","{'_idx': 99, 'median': 340, 'year': 2008}","{'_idx': 99, 'median': 49, 'year': 2008}","{'_idx': 99, 'median': 6.998666731000252, 'year': 2008}","{'_idx': 99, 'median': 381, 'year': 2008}","{'_idx': 99, 'median': 281, 'year': 2008}","{'_idx': 99, 'median': 340, 'year': 2008}","{'_idx': 99, 'median': 49, 'year': 2008}","{'_idx': 99, 'median': 6.998666731000252, 'year': 2008}","{'_idx': 99, 'median': 381, 'year': 2008}","{'_idx': 99, 'median': 281, 'year': 2008}","{'_idx': 99, 'median': 340, 'year': 2008}","{'_idx': 99, 'median': 49, 'year': 2008}","{'_idx': 99, 'median': 6.998666731000252, 'year': 2008}","{'_idx': 99, 'median': 381, 'year': 2008}","{'_idx': 99, 'median': 281, 'year': 2008}","{'_idx': 99, 'median': 340, 'year': 2008}","{'_idx': 99, 'median': 49, 'year': 2008}","{'_idx': 99, 'median': 6.998666731000252, 'year': 2008}"
-2.625,112.0416667,2009,141.6399961,0.8067973256111145,381.0,281.0,340.0,270.1690979003906,2720.4932680130005,6.998666731000252,49.0,381,281,340,49,6.998666731000252,2009,2009,342.93466981901236,765429,0.9995024875621891,"{'_idx': 100, 'median': 381, 'year': 2009}","{'_idx': 100, 'median': 281, 'year': 2009}","{'_idx': 100, 'median': 340, 'year': 2009}","{'_idx': 100, 'median': 49, 'year': 2009}","{'_idx': 100, 'median': 6.998666731000252, 'year': 2009}","{'_idx': 100, 'median': 381, 'year': 2009}","{'_idx': 100, 'median': 281, 'year': 2009}","{'_idx': 100, 'median': 340, 'year': 2009}","{'_idx': 100, 'median': 49, 'year': 2009}","{'_idx': 100, 'median': 6.998666731000252, 'year': 2009}","{'_idx': 100, 'median': 381, 'year': 2009}","{'_idx': 100, 'median': 281, 'year': 2009}","{'_idx': 100, 'median': 340, 'year': 2009}","{'_idx': 100, 'median': 49, 'year': 2009}","{'_idx': 100, 'median': 6.998666731000252, 'year': 2009}","{'_idx': 100, 'median': 381, 'year': 2009}","{'_idx': 100, 'median': 281, 'year': 2009}","{'_idx': 100, 'median': 340, 'year': 2009}","{'_idx': 100, 'median': 49, 'year': 2009}","{'_idx': 100, 'median': 6.998666731000252, 'year': 2009}"
-2.625,112.0416667,2010,136.7249737,0.7612654566764832,381.0,281.0,340.0,367.7217712402344,4283.657648324966,6.998666731000252,49.0,381,281,340,49,6.998666731000252,2010,2010,342.93466981901236,765810,0.9995027349577325,"{'_idx': 101, 'median': 381, 'year': 2010}","{'_idx': 101, 'median': 281, 'year': 2010}","{'_idx': 101, 'median': 340, 'year': 2010}","{'_idx': 101, 'median': 49, 'year': 2010}","{'_idx': 101, 'median': 6.998666731000252, 'year': 2010}","{'_idx': 101, 'median': 381, 'year': 2010}","{'_idx': 101, 'median': 281, 'year': 2010}","{'_idx': 101, 'median': 340, 'year': 2010}","{'_idx': 101, 'median': 49, 'year': 2010}","{'_idx': 101, 'median': 6.998666731000252, 'year': 2010}","{'_idx': 101, 'median': 381, 'year': 2010}","{'_idx': 101, 'median': 281, 'year': 2010}","{'_idx': 101, 'median': 340, 'year': 2010}","{'_idx': 101, 'median': 49, 'year': 2010}","{'_idx': 101, 'median': 6.998666731000252, 'year': 2010}","{'_idx': 101, 'median': 381, 'year': 2010}","{'_idx': 101, 'median': 281, 'year': 2010}","{'_idx': 101, 'median': 340, 'year': 2010}","{'_idx': 101, 'median': 49, 'year': 2010}","{'_idx': 101, 'median': 6.998666731000252, 'year': 2010}"
-2.625,112.0416667,2011,134.3224657,0.5178411602973938,381.0,281.0,340.0,268.95977783203125,3113.8622307777405,6.998666731000252,49.0,381,281,340,49,6.998666731000252,2011,2011,342.93466981901236,766191,0.9995029821073559,"{'_idx': 102, 'median': 381, 'year': 2011}","{'_idx': 102, 'median': 281, 'year': 2011}","{'_idx': 102, 'median': 340, 'year': 2011}","{'_idx': 102, 'median': 49, 'year': 2011}","{'_idx': 102, 'median': 6.998666731000252, 'year': 2011}","{'_idx': 102, 'median': 381, 'year': 2011}","{'_idx': 102, 'median': 281, 'year': 2011}","{'_idx': 102, 'median': 340, 'year': 2011}","{'_idx': 102, 'median': 49, 'year': 2011}","{'_idx': 102, 'median': 6.998666731000252, 'year': 2011}","{'_idx': 102, 'median': 381, 'year': 2011}","{'_idx': 102, 'median': 281, 'year': 2011}","{'_idx': 102, 'median': 340, 'year': 2011}","{'_idx': 102, 'median': 49, 'year': 2011}","{'_idx': 102, 'median': 6.998666731000252, 'year': 2011}","{'_idx': 102, 'median': 381, 'year': 2011}","{'_idx': 102, 'median': 281, 'year': 2011}","{'_idx': 102, 'median': 340, 'year': 2011}","{'_idx': 102, 'median': 49, 'year': 2011}","{'_idx': 102, 'median': 6.998666731000252, 'year': 2011}"
-2.625,112.0416667,2012,134.8224729,0.7924,381.0,281.0,340.0,274.510986328125,2539.423969149589,6.998666731000252,49.0,381,281,340,49,6.998666731000252,2012,2012,342.93466981901236,766572,0.9995032290114257,"{'_idx': 103, 'median': 381, 'year': 2012}","{'_idx': 103, 'median': 281, 'year': 2012}","{'_idx': 103, 'median': 340, 'year': 2012}","{'_idx': 103, 'median': 49, 'year': 2012}","{'_idx': 103, 'median': 6.998666731000252, 'year': 2012}","{'_idx': 103, 'median': 381, 'year': 2012}","{'_idx': 103, 'median': 281, 'year': 2012}","{'_idx': 103, 'median': 340, 'year': 2012}","{'_idx': 103, 'median': 49, 'year': 2012}","{'_idx': 103, 'median': 6.998666731000252, 'year': 2012}","{'_idx': 103, 'median': 381, 'year': 2012}","{'_idx': 103, 'median': 281, 'year': 2012}","{'_idx': 103, 'median': 340, 'year': 2012}","{'_idx': 103, 'median': 49, 'year': 2012}","{'_idx': 103, 'median': 6.998666731000252, 'year': 2012}","{'_idx': 103, 'median': 381, 'year': 2012}","{'_idx': 103, 'median': 281, 'year': 2012}","{'_idx': 103, 'median': 340, 'year': 2012}","{'_idx': 103, 'median': 49, 'year': 2012}","{'_idx': 103, 'median': 6.998666731000252, 'year': 2012}"
-2.625,112.0416667,2013,134.7799601,0.79955459,381.0,281.0,340.0,319.6205444335937,2858.9403899908066,6.998666731000252,49.0,381,281,340,49,6.998666731000252,2013,2013,342.93466981901236,766953,0.9995034756703078,"{'_idx': 104, 'median': 381, 'year': 2013}","{'_idx': 104, 'median': 281, 'year': 2013}","{'_idx': 104, 'median': 340, 'year': 2013}","{'_idx': 104, 'median': 49, 'year': 2013}","{'_idx': 104, 'median': 6.998666731000252, 'year': 2013}","{'_idx': 104, 'median': 381, 'year': 2013}","{'_idx': 104, 'median': 281, 'year': 2013}","{'_idx': 104, 'median': 340, 'year': 2013}","{'_idx': 104, 'median': 49, 'year': 2013}","{'_idx': 104, 'median': 6.998666731000252, 'year': 2013}","{'_idx': 104, 'median': 381, 'year': 2013}","{'_idx': 104, 'median': 281, 'year': 2013}","{'_idx': 104, 'median': 340, 'year': 2013}","{'_idx': 104, 'median': 49, 'year': 2013}","{'_idx': 104, 'median': 6.998666731000252, 'year': 2013}","{'_idx': 104, 'median': 381, 'year': 2013}","{'_idx': 104, 'median': 281, 'year': 2013}","{'_idx': 104, 'median': 340, 'year': 2013}","{'_idx': 104, 'median': 49, 'year': 2013}","{'_idx': 104, 'median': 6.998666731000252, 'year': 2013}"
-2.625,112.0416667,2014,132.8199537,0.099887344,381.0,281.0,340.0,243.7377166748047,2587.9621126651764,6.998666731000252,49.0,381,281,340,49,6.998666731000252,2014,2014,342.93466981901236,767334,0.9995037220843672,"{'_idx': 105, 'median': 381, 'year': 2014}","{'_idx': 105, 'median': 281, 'year': 2014}","{'_idx': 105, 'median': 340, 'year': 2014}","{'_idx': 105, 'median': 49, 'year': 2014}","{'_idx': 105, 'median': 6.998666731000252, 'year': 2014}","{'_idx': 105, 'median': 381, 'year': 2014}","{'_idx': 105, 'median': 281, 'year': 2014}","{'_idx': 105, 'median': 340, 'year': 2014}","{'_idx': 105, 'median': 49, 'year': 2014}","{'_idx': 105, 'median': 6.998666731000252, 'year': 2014}","{'_idx': 105, 'median': 381, 'year': 2014}","{'_idx': 105, 'median': 281, 'year': 2014}","{'_idx': 105, 'median': 340, 'year': 2014}","{'_idx': 105, 'median': 49, 'year': 2014}","{'_idx': 105, 'median': 6.998666731000252, 'year': 2014}","{'_idx': 105, 'median': 381, 'year': 2014}","{'_idx': 105, 'median': 281, 'year': 2014}","{'_idx': 105, 'median': 340, 'year': 2014}","{'_idx': 105, 'median': 49, 'year': 2014}","{'_idx': 105, 'median': 6.998666731000252, 'year': 2014}"
-2.625,112.0416667,2015,134.5849675,0.633703744,381.0,281.0,340.0,237.36181640625,2502.4383487701416,6.998666731000252,49.0,381,281,340,49,6.998666731000252,2015,2015,342.93466981901236,767715,0.9995039682539683,"{'_idx': 106, 'median': 381, 'year': 2015}","{'_idx': 106, 'median': 281, 'year': 2015}","{'_idx': 106, 'median': 340, 'year': 2015}","{'_idx': 106, 'median': 49, 'year': 2015}","{'_idx': 106, 'median': 6.998666731000252, 'year': 2015}","{'_idx': 106, 'median': 381, 'year': 2015}","{'_idx': 106, 'median': 281, 'year': 2015}","{'_idx': 106, 'median': 340, 'year': 2015}","{'_idx': 106, 'median': 49, 'year': 2015}","{'_idx': 106, 'median': 6.998666731000252, 'year': 2015}","{'_idx': 106, 'median': 381, 'year': 2015}","{'_idx': 106, 'median': 281, 'year': 2015}","{'_idx': 106, 'median': 340, 'year': 2015}","{'_idx': 106, 'median': 49, 'year': 2015}","{'_idx': 106, 'median': 6.998666731000252, 'year': 2015}","{'_idx': 106, 'median': 381, 'year': 2015}","{'_idx': 106, 'median': 281, 'year': 2015}","{'_idx': 106, 'median': 340, 'year': 2015}","{'_idx': 106, 'median': 49, 'year': 2015}","{'_idx': 106, 'median': 6.998666731000252, 'year': 2015}"
-2.625,112.0416667,2016,134.1049708,0.692574825,381.0,281.0,340.0,342.9263000488281,3481.3340215682983,6.998666731000252,49.0,381,281,340,49,6.998666731000252,2016,2016,342.93466981901236,768096,0.9995042141794744,"{'_idx': 107, 'median': 381, 'year': 2016}","{'_idx': 107, 'median': 281, 'year': 2016}","{'_idx': 107, 'median': 340, 'year': 2016}","{'_idx': 107, 'median': 49, 'year': 2016}","{'_idx': 107, 'median': 6.998666731000252, 'year': 2016}","{'_idx': 107, 'median': 381, 'year': 2016}","{'_idx': 107, 'median': 281, 'year': 2016}","{'_idx': 107, 'median': 340, 'year': 2016}","{'_idx': 107, 'median': 49, 'year': 2016}","{'_idx': 107, 'median': 6.998666731000252, 'year': 2016}","{'_idx': 107, 'median': 381, 'year': 2016}","{'_idx': 107, 'median': 281, 'year': 2016}","{'_idx': 107, 'median': 340, 'year': 2016}","{'_idx': 107, 'median': 49, 'year': 2016}","{'_idx': 107, 'median': 6.998666731000252, 'year': 2016}","{'_idx': 107, 'median': 381, 'year': 2016}","{'_idx': 107, 'median': 281, 'year': 2016}","{'_idx': 107, 'median': 340, 'year': 2016}","{'_idx': 107, 'median': 49, 'year': 2016}","{'_idx': 107, 'median': 6.998666731000252, 'year': 2016}"
-2.625,112.0416667,2017,125.3524347,0.735784083,381.0,281.0,340.0,345.732421875,3217.3322880268097,6.998666731000252,49.0,381,281,340,49,6.998666731000252,2017,2017,342.93466981901236,768477,0.9995044598612488,"{'_idx': 108, 'median': 381, 'year': 2017}","{'_idx': 108, 'median': 281, 'year': 2017}","{'_idx': 108, 'median': 340, 'year': 2017}","{'_idx': 108, 'median': 49, 'year': 2017}","{'_idx': 108, 'median': 6.998666731000252, 'year': 2017}","{'_idx': 108, 'median': 381, 'year': 2017}","{'_idx': 108, 'median': 281, 'year': 2017}","{'_idx': 108, 'median': 340, 'year': 2017}","{'_idx': 108, 'median': 49, 'year': 2017}","{'_idx': 108, 'median': 6.998666731000252, 'year': 2017}","{'_idx': 108, 'median': 381, 'year': 2017}","{'_idx': 108, 'median': 281, 'year': 2017}","{'_idx': 108, 'median': 340, 'year': 2017}","{'_idx': 108, 'median': 49, 'year': 2017}","{'_idx': 108, 'median': 6.998666731000252, 'year': 2017}","{'_idx': 108, 'median': 381, 'year': 2017}","{'_idx': 108, 'median': 281, 'year': 2017}","{'_idx': 108, 'median': 340, 'year': 2017}","{'_idx': 108, 'median': 49, 'year': 2017}","{'_idx': 108, 'median': 6.998666731000252, 'year': 2017}"
-2.625,112.0416667,2018,130.1024355,0.700622892,381.0,281.0,340.0,328.5901184082031,2768.4958594698373,6.998666731000252,49.0,381,281,340,49,6.998666731000252,2018,2018,342.93466981901236,768858,0.9995047052996533,"{'_idx': 109, 'median': 381, 'year': 2018}","{'_idx': 109, 'median': 281, 'year': 2018}","{'_idx': 109, 'median': 340, 'year': 2018}","{'_idx': 109, 'median': 49, 'year': 2018}","{'_idx': 109, 'median': 6.998666731000252, 'year': 2018}","{'_idx': 109, 'median': 381, 'year': 2018}","{'_idx': 109, 'median': 281, 'year': 2018}","{'_idx': 109, 'median': 340, 'year': 2018}","{'_idx': 109, 'median': 49, 'year': 2018}","{'_idx': 109, 'median': 6.998666731000252, 'year': 2018}","{'_idx': 109, 'median': 381, 'year': 2018}","{'_idx': 109, 'median': 281, 'year': 2018}","{'_idx': 109, 'median': 340, 'year': 2018}","{'_idx': 109, 'median': 49, 'year': 2018}","{'_idx': 109, 'median': 6.998666731000252, 'year': 2018}","{'_idx': 109, 'median': 381, 'year': 2018}","{'_idx': 109, 'median': 281, 'year': 2018}","{'_idx': 109, 'median': 340, 'year': 2018}","{'_idx': 109, 'median': 49, 'year': 2018}","{'_idx': 109, 'median': 6.998666731000252, 'year': 2018}"
-2.625,112.0416667,2019,127.5599342,0.802242928,381.0,281.0,340.0,318.99609375,2295.6883184241306,6.998666731000252,49.0,381,281,340,49,6.998666731000252,2019,2019,342.93466981901236,769239,0.9995049504950495,"{'_idx': 110, 'median': 381, 'year': 2019}","{'_idx': 110, 'median': 281, 'year': 2019}","{'_idx': 110, 'median': 340, 'year': 2019}","{'_idx': 110, 'median': 49, 'year': 2019}","{'_idx': 110, 'median': 6.998666731000252, 'year': 2019}","{'_idx': 110, 'median': 381, 'year': 2019}","{'_idx': 110, 'median': 281, 'year': 2019}","{'_idx': 110, 'median': 340, 'year': 2019}","{'_idx': 110, 'median': 49, 'year': 2019}","{'_idx': 110, 'median': 6.998666731000252, 'year': 2019}","{'_idx': 110, 'median': 381, 'year': 2019}","{'_idx': 110, 'median': 281, 'year': 2019}","{'_idx': 110, 'median': 340, 'year': 2019}","{'_idx': 110, 'median': 49, 'year': 2019}","{'_idx': 110, 'median': 6.998666731000252, 'year': 2019}","{'_idx': 110, 'median': 381, 'year': 2019}","{'_idx': 110, 'median': 281, 'year': 2019}","{'_idx': 110, 'median': 340, 'year': 2019}","{'_idx': 110, 'median': 49, 'year': 2019}","{'_idx': 110, 'median': 6.998666731000252, 'year': 2019}"
-2.625,112.0416667,2020,135.9549406,0.28398318,381.0,281.0,340.0,362.6401672363281,3826.488522890024,6.998666731000252,49.0,381,281,340,49,6.998666731000252,2020,2020,342.93466981901236,769620,0.9995051954477981,"{'_idx': 111, 'median': 381, 'year': 2020}","{'_idx': 111, 'median': 281, 'year': 2020}","{'_idx': 111, 'median': 340, 'year': 2020}","{'_idx': 111, 'median': 49, 'year': 2020}","{'_idx': 111, 'median': 6.998666731000252, 'year': 2020}","{'_idx': 111, 'median': 381, 'year': 2020}","{'_idx': 111, 'median': 281, 'year': 2020}","{'_idx': 111, 'median': 340, 'year': 2020}","{'_idx': 111, 'median': 49, 'year': 2020}","{'_idx': 111, 'median': 6.998666731000252, 'year': 2020}","{'_idx': 111, 'median': 381, 'year': 2020}","{'_idx': 111, 'median': 281, 'year': 2020}","{'_idx': 111, 'median': 340, 'year': 2020}","{'_idx': 111, 'median': 49, 'year': 2020}","{'_idx': 111, 'median': 6.998666731000252, 'year': 2020}","{'_idx': 111, 'median': 381, 'year': 2020}","{'_idx': 111, 'median': 281, 'year': 2020}","{'_idx': 111, 'median': 340, 'year': 2020}","{'_idx': 111, 'median': 49, 'year': 2020}","{'_idx': 111, 'median': 6.998666731000252, 'year': 2020}"
-2.708333333,112.4583333,1993,90.82002438,0.5289106369018555,369.0,257.0,375.0,,2733.430015563965,8.67435134514654,29.0,369,257,375,29,8.67435134514654,1993,1993,251.55618900924966,735417,0.9994984954864594,"{'_idx': 112, 'median': 369, 'year': 1993}","{'_idx': 112, 'median': 257, 'year': 1993}","{'_idx': 112, 'median': 375, 'year': 1993}","{'_idx': 112, 'median': 29, 'year': 1993}","{'_idx': 112, 'median': 8.67435134514654, 'year': 1993}","{'_idx': 112, 'median': 369, 'year': 1993}","{'_idx': 112, 'median': 257, 'year': 1993}","{'_idx': 112, 'median': 375, 'year': 1993}","{'_idx': 112, 'median': 29, 'year': 1993}","{'_idx': 112, 'median': 8.67435134514654, 'year': 1993}","{'_idx': 112, 'median': 369, 'year': 1993}","{'_idx': 112, 'median': 257, 'year': 1993}","{'_idx': 112, 'median': 375, 'year': 1993}","{'_idx': 112, 'median': 29, 'year': 1993}","{'_idx': 112, 'median': 8.67435134514654, 'year': 1993}","{'_idx': 112, 'median': 369, 'year': 1993}","{'_idx': 112, 'median': 257, 'year': 1993}","{'_idx': 112, 'median': 375, 'year': 1993}","{'_idx': 112, 'median': 29, 'year': 1993}","{'_idx': 112, 'median': 8.67435134514654, 'year': 1993}"
-2.708333333,112.4583333,1994,88.97752279,0.4362644851207733,369.0,257.0,375.0,,2508.9142293930054,8.67435134514654,29.0,369,257,375,29,8.67435134514654,1994,1994,251.55618900924966,735786,0.9994987468671679,"{'_idx': 113, 'median': 369, 'year': 1994}","{'_idx': 113, 'median': 257, 'year': 1994}","{'_idx': 113, 'median': 375, 'year': 1994}","{'_idx': 113, 'median': 29, 'year': 1994}","{'_idx': 113, 'median': 8.67435134514654, 'year': 1994}","{'_idx': 113, 'median': 369, 'year': 1994}","{'_idx': 113, 'median': 257, 'year': 1994}","{'_idx': 113, 'median': 375, 'year': 1994}","{'_idx': 113, 'median': 29, 'year': 1994}","{'_idx': 113, 'median': 8.67435134514654, 'year': 1994}","{'_idx': 113, 'median': 369, 'year': 1994}","{'_idx': 113, 'median': 257, 'year': 1994}","{'_idx': 113, 'median': 375, 'year': 1994}","{'_idx': 113, 'median': 29, 'year': 1994}","{'_idx': 113, 'median': 8.67435134514654, 'year': 1994}","{'_idx': 113, 'median': 369, 'year': 1994}","{'_idx': 113, 'median': 257, 'year': 1994}","{'_idx': 113, 'median': 375, 'year': 1994}","{'_idx': 113, 'median': 29, 'year': 1994}","{'_idx': 113, 'median': 8.67435134514654, 'year': 1994}"
-2.708333333,112.4583333,1995,88.55501857,0.5829159617424011,369.0,257.0,375.0,,3185.235365629196,8.67435134514654,29.0,369,257,375,29,8.67435134514654,1995,1995,251.55618900924966,736155,0.999498997995992,"{'_idx': 114, 'median': 369, 'year': 1995}","{'_idx': 114, 'median': 257, 'year': 1995}","{'_idx': 114, 'median': 375, 'year': 1995}","{'_idx': 114, 'median': 29, 'year': 1995}","{'_idx': 114, 'median': 8.67435134514654, 'year': 1995}","{'_idx': 114, 'median': 369, 'year': 1995}","{'_idx': 114, 'median': 257, 'year': 1995}","{'_idx': 114, 'median': 375, 'year': 1995}","{'_idx': 114, 'median': 29, 'year': 1995}","{'_idx': 114, 'median': 8.67435134514654, 'year': 1995}","{'_idx': 114, 'median': 369, 'year': 1995}","{'_idx': 114, 'median': 257, 'year': 1995}","{'_idx': 114, 'median': 375, 'year': 1995}","{'_idx': 114, 'median': 29, 'year': 1995}","{'_idx': 114, 'median': 8.67435134514654, 'year': 1995}","{'_idx': 114, 'median': 369, 'year': 1995}","{'_idx': 114, 'median': 257, 'year': 1995}","{'_idx': 114, 'median': 375, 'year': 1995}","{'_idx': 114, 'median': 29, 'year': 1995}","{'_idx': 114, 'median': 8.67435134514654, 'year': 1995}"
-2.708333333,112.4583333,1996,89.71002386,0.5515761971473694,369.0,257.0,375.0,,3004.618383646012,8.67435134514654,29.0,369,257,375,29,8.67435134514654,1996,1996,251.55618900924966,736524,0.99949924887331,"{'_idx': 115, 'median': 369, 'year': 1996}","{'_idx': 115, 'median': 257, 'year': 1996}","{'_idx': 115, 'median': 375, 'year': 1996}","{'_idx': 115, 'median': 29, 'year': 1996}","{'_idx': 115, 'median': 8.67435134514654, 'year': 1996}","{'_idx': 115, 'median': 369, 'year': 1996}","{'_idx': 115, 'median': 257, 'year': 1996}","{'_idx': 115, 'median': 375, 'year': 1996}","{'_idx': 115, 'median': 29, 'year': 1996}","{'_idx': 115, 'median': 8.67435134514654, 'year': 1996}","{'_idx': 115, 'median': 369, 'year': 1996}","{'_idx': 115, 'median': 257, 'year': 1996}","{'_idx': 115, 'median': 375, 'year': 1996}","{'_idx': 115, 'median': 29, 'year': 1996}","{'_idx': 115, 'median': 8.67435134514654, 'year': 1996}","{'_idx': 115, 'median': 369, 'year': 1996}","{'_idx': 115, 'median': 257, 'year': 1996}","{'_idx': 115, 'median': 375, 'year': 1996}","{'_idx': 115, 'median': 29, 'year': 1996}","{'_idx': 115, 'median': 8.67435134514654, 'year': 1996}"
-2.708333333,112.4583333,1997,81.03000558,0.4854185283184051,369.0,257.0,375.0,,1851.248185873032,8.67435134514654,29.0,369,257,375,29,8.67435134514654,1997,1997,251.55618900924966,736893,0.9994994994994995,"{'_idx': 116, 'median': 369, 'year': 1997}","{'_idx': 116, 'median': 257, 'year': 1997}","{'_idx': 116, 'median': 375, 'year': 1997}","{'_idx': 116, 'median': 29, 'year': 1997}","{'_idx': 116, 'median': 8.67435134514654, 'year': 1997}","{'_idx': 116, 'median': 369, 'year': 1997}","{'_idx': 116, 'median': 257, 'year': 1997}","{'_idx': 116, 'median': 375, 'year': 1997}","{'_idx': 116, 'median': 29, 'year': 1997}","{'_idx': 116, 'median': 8.67435134514654, 'year': 1997}","{'_idx': 116, 'median': 369, 'year': 1997}","{'_idx': 116, 'median': 257, 'year': 1997}","{'_idx': 116, 'median': 375, 'year': 1997}","{'_idx': 116, 'median': 29, 'year': 1997}","{'_idx': 116, 'median': 8.67435134514654, 'year': 1997}","{'_idx': 116, 'median': 369, 'year': 1997}","{'_idx': 116, 'median': 257, 'year': 1997}","{'_idx': 116, 'median': 375, 'year': 1997}","{'_idx': 116, 'median': 29, 'year': 1997}","{'_idx': 116, 'median': 8.67435134514654, 'year': 1997}"
-2.708333333,112.4583333,1998,78.69500096,0.552161694,369.0,257.0,375.0,,3220.1335411071777,8.67435134514654,29.0,369,257,375,29,8.67435134514654,1998,1998,251.55618900924966,737262,0.9994997498749375,"{'_idx': 117, 'median': 369, 'year': 1998}","{'_idx': 117, 'median': 257, 'year': 1998}","{'_idx': 117, 'median': 375, 'year': 1998}","{'_idx': 117, 'median': 29, 'year': 1998}","{'_idx': 117, 'median': 8.67435134514654, 'year': 1998}","{'_idx': 117, 'median': 369, 'year': 1998}","{'_idx': 117, 'median': 257, 'year': 1998}","{'_idx': 117, 'median': 375, 'year': 1998}","{'_idx': 117, 'median': 29, 'year': 1998}","{'_idx': 117, 'median': 8.67435134514654, 'year': 1998}","{'_idx': 117, 'median': 369, 'year': 1998}","{'_idx': 117, 'median': 257, 'year': 1998}","{'_idx': 117, 'median': 375, 'year': 1998}","{'_idx': 117, 'median': 29, 'year': 1998}","{'_idx': 117, 'median': 8.67435134514654, 'year': 1998}","{'_idx': 117, 'median': 369, 'year': 1998}","{'_idx': 117, 'median': 257, 'year': 1998}","{'_idx': 117, 'median': 375, 'year': 1998}","{'_idx': 117, 'median': 29, 'year': 1998}","{'_idx': 117, 'median': 8.67435134514654, 'year': 1998}"
-2.708333333,112.4583333,1999,81.58250833,0.4706510901451111,369.0,257.0,375.0,,3090.809625387192,8.67435134514654,29.0,369,257,375,29,8.67435134514654,1999,1999,251.55618900924966,737631,0.9995,"{'_idx': 118, 'median': 369, 'year': 1999}","{'_idx': 118, 'median': 257, 'year': 1999}","{'_idx': 118, 'median': 375, 'year': 1999}","{'_idx': 118, 'median': 29, 'year': 1999}","{'_idx': 118, 'median': 8.67435134514654, 'year': 1999}","{'_idx': 118, 'median': 369, 'year': 1999}","{'_idx': 118, 'median': 257, 'year': 1999}","{'_idx': 118, 'median': 375, 'year': 1999}","{'_idx': 118, 'median': 29, 'year': 1999}","{'_idx': 118, 'median': 8.67435134514654, 'year': 1999}","{'_idx': 118, 'median': 369, 'year': 1999}","{'_idx': 118, 'median': 257, 'year': 1999}","{'_idx': 118, 'median': 375, 'year': 1999}","{'_idx': 118, 'median': 29, 'year': 1999}","{'_idx': 118, 'median': 8.67435134514654, 'year': 1999}","{'_idx': 118, 'median': 369, 'year': 1999}","{'_idx': 118, 'median': 257, 'year': 1999}","{'_idx': 118, 'median': 375, 'year': 1999}","{'_idx': 118, 'median': 29, 'year': 1999}","{'_idx': 118, 'median': 8.67435134514654, 'year': 1999}"
-2.708333333,112.4583333,2000,85.51751422,0.5835556387901306,369.0,257.0,375.0,,3228.146310567856,8.67435134514654,29.0,369,257,375,29,8.67435134514654,2000,2000,251.55618900924966,738000,0.9995002498750625,"{'_idx': 119, 'median': 369, 'year': 2000}","{'_idx': 119, 'median': 257, 'year': 2000}","{'_idx': 119, 'median': 375, 'year': 2000}","{'_idx': 119, 'median': 29, 'year': 2000}","{'_idx': 119, 'median': 8.67435134514654, 'year': 2000}","{'_idx': 119, 'median': 369, 'year': 2000}","{'_idx': 119, 'median': 257, 'year': 2000}","{'_idx': 119, 'median': 375, 'year': 2000}","{'_idx': 119, 'median': 29, 'year': 2000}","{'_idx': 119, 'median': 8.67435134514654, 'year': 2000}","{'_idx': 119, 'median': 369, 'year': 2000}","{'_idx': 119, 'median': 257, 'year': 2000}","{'_idx': 119, 'median': 375, 'year': 2000}","{'_idx': 119, 'median': 29, 'year': 2000}","{'_idx': 119, 'median': 8.67435134514654, 'year': 2000}","{'_idx': 119, 'median': 369, 'year': 2000}","{'_idx': 119, 'median': 257, 'year': 2000}","{'_idx': 119, 'median': 375, 'year': 2000}","{'_idx': 119, 'median': 29, 'year': 2000}","{'_idx': 119, 'median': 8.67435134514654, 'year': 2000}"
-2.708333333,112.4583333,2001,92.16502689,0.6466631889343262,369.0,257.0,375.0,,2934.6439864635468,8.67435134514654,29.0,369,257,375,29,8.67435134514654,2001,2001,251.55618900924966,738369,0.9995004995004995,"{'_idx': 120, 'median': 369, 'year': 2001}","{'_idx': 120, 'median': 257, 'year': 2001}","{'_idx': 120, 'median': 375, 'year': 2001}","{'_idx': 120, 'median': 29, 'year': 2001}","{'_idx': 120, 'median': 8.67435134514654, 'year': 2001}","{'_idx': 120, 'median': 369, 'year': 2001}","{'_idx': 120, 'median': 257, 'year': 2001}","{'_idx': 120, 'median': 375, 'year': 2001}","{'_idx': 120, 'median': 29, 'year': 2001}","{'_idx': 120, 'median': 8.67435134514654, 'year': 2001}","{'_idx': 120, 'median': 369, 'year': 2001}","{'_idx': 120, 'median': 257, 'year': 2001}","{'_idx': 120, 'median': 375, 'year': 2001}","{'_idx': 120, 'median': 29, 'year': 2001}","{'_idx': 120, 'median': 8.67435134514654, 'year': 2001}","{'_idx': 120, 'median': 369, 'year': 2001}","{'_idx': 120, 'median': 257, 'year': 2001}","{'_idx': 120, 'median': 375, 'year': 2001}","{'_idx': 120, 'median': 29, 'year': 2001}","{'_idx': 120, 'median': 8.67435134514654, 'year': 2001}"
-2.708333333,112.4583333,2002,94.66002654,0.6381,369.0,257.0,375.0,,2444.1687257289886,8.67435134514654,29.0,369,257,375,29,8.67435134514654,2002,2002,251.55618900924966,738738,0.9995007488766849,"{'_idx': 121, 'median': 369, 'year': 2002}","{'_idx': 121, 'median': 257, 'year': 2002}","{'_idx': 121, 'median': 375, 'year': 2002}","{'_idx': 121, 'median': 29, 'year': 2002}","{'_idx': 121, 'median': 8.67435134514654, 'year': 2002}","{'_idx': 121, 'median': 369, 'year': 2002}","{'_idx': 121, 'median': 257, 'year': 2002}","{'_idx': 121, 'median': 375, 'year': 2002}","{'_idx': 121, 'median': 29, 'year': 2002}","{'_idx': 121, 'median': 8.67435134514654, 'year': 2002}","{'_idx': 121, 'median': 369, 'year': 2002}","{'_idx': 121, 'median': 257, 'year': 2002}","{'_idx': 121, 'median': 375, 'year': 2002}","{'_idx': 121, 'median': 29, 'year': 2002}","{'_idx': 121, 'median': 8.67435134514654, 'year': 2002}","{'_idx': 121, 'median': 369, 'year': 2002}","{'_idx': 121, 'median': 257, 'year': 2002}","{'_idx': 121, 'median': 375, 'year': 2002}","{'_idx': 121, 'median': 29, 'year': 2002}","{'_idx': 121, 'median': 8.67435134514654, 'year': 2002}"
-2.708333333,112.4583333,2003,77.2324977,,369.0,257.0,375.0,221.18028259277344,2732.423328399658,8.67435134514654,29.0,369,257,375,29,8.67435134514654,2003,2003,251.55618900924966,739107,0.9995009980039921,"{'_idx': 122, 'median': 369, 'year': 2003}","{'_idx': 122, 'median': 257, 'year': 2003}","{'_idx': 122, 'median': 375, 'year': 2003}","{'_idx': 122, 'median': 29, 'year': 2003}","{'_idx': 122, 'median': 8.67435134514654, 'year': 2003}","{'_idx': 122, 'median': 369, 'year': 2003}","{'_idx': 122, 'median': 257, 'year': 2003}","{'_idx': 122, 'median': 375, 'year': 2003}","{'_idx': 122, 'median': 29, 'year': 2003}","{'_idx': 122, 'median': 8.67435134514654, 'year': 2003}","{'_idx': 122, 'median': 369, 'year': 2003}","{'_idx': 122, 'median': 257, 'year': 2003}","{'_idx': 122, 'median': 375, 'year': 2003}","{'_idx': 122, 'median': 29, 'year': 2003}","{'_idx': 122, 'median': 8.67435134514654, 'year': 2003}","{'_idx': 122, 'median': 369, 'year': 2003}","{'_idx': 122, 'median': 257, 'year': 2003}","{'_idx': 122, 'median': 375, 'year': 2003}","{'_idx': 122, 'median': 29, 'year': 2003}","{'_idx': 122, 'median': 8.67435134514654, 'year': 2003}"
-2.708333333,112.4583333,2004,78.64000106,0.4798882305622101,369.0,257.0,375.0,237.70706176757807,2369.201403856277,8.67435134514654,29.0,369,257,375,29,8.67435134514654,2004,2004,251.55618900924966,739476,0.9995012468827931,"{'_idx': 123, 'median': 369, 'year': 2004}","{'_idx': 123, 'median': 257, 'year': 2004}","{'_idx': 123, 'median': 375, 'year': 2004}","{'_idx': 123, 'median': 29, 'year': 2004}","{'_idx': 123, 'median': 8.67435134514654, 'year': 2004}","{'_idx': 123, 'median': 369, 'year': 2004}","{'_idx': 123, 'median': 257, 'year': 2004}","{'_idx': 123, 'median': 375, 'year': 2004}","{'_idx': 123, 'median': 29, 'year': 2004}","{'_idx': 123, 'median': 8.67435134514654, 'year': 2004}","{'_idx': 123, 'median': 369, 'year': 2004}","{'_idx': 123, 'median': 257, 'year': 2004}","{'_idx': 123, 'median': 375, 'year': 2004}","{'_idx': 123, 'median': 29, 'year': 2004}","{'_idx': 123, 'median': 8.67435134514654, 'year': 2004}","{'_idx': 123, 'median': 369, 'year': 2004}","{'_idx': 123, 'median': 257, 'year': 2004}","{'_idx': 123, 'median': 375, 'year': 2004}","{'_idx': 123, 'median': 29, 'year': 2004}","{'_idx': 123, 'median': 8.67435134514654, 'year': 2004}"
-2.708333333,112.4583333,2005,78.74500024,0.3513307273387909,369.0,257.0,375.0,271.41424560546875,2488.4256060123444,8.67435134514654,29.0,369,257,375,29,8.67435134514654,2005,2005,251.55618900924966,739845,0.9995014955134596,"{'_idx': 124, 'median': 369, 'year': 2005}","{'_idx': 124, 'median': 257, 'year': 2005}","{'_idx': 124, 'median': 375, 'year': 2005}","{'_idx': 124, 'median': 29, 'year': 2005}","{'_idx': 124, 'median': 8.67435134514654, 'year': 2005}","{'_idx': 124, 'median': 369, 'year': 2005}","{'_idx': 124, 'median': 257, 'year': 2005}","{'_idx': 124, 'median': 375, 'year': 2005}","{'_idx': 124, 'median': 29, 'year': 2005}","{'_idx': 124, 'median': 8.67435134514654, 'year': 2005}","{'_idx': 124, 'median': 369, 'year': 2005}","{'_idx': 124, 'median': 257, 'year': 2005}","{'_idx': 124, 'median': 375, 'year': 2005}","{'_idx': 124, 'median': 29, 'year': 2005}","{'_idx': 124, 'median': 8.67435134514654, 'year': 2005}","{'_idx': 124, 'median': 369, 'year': 2005}","{'_idx': 124, 'median': 257, 'year': 2005}","{'_idx': 124, 'median': 375, 'year': 2005}","{'_idx': 124, 'median': 29, 'year': 2005}","{'_idx': 124, 'median': 8.67435134514654, 'year': 2005}"
-2.708333333,112.4583333,2006,76.02999744,0.2552438378334045,369.0,257.0,375.0,243.06741333007807,2577.8548871278763,8.67435134514654,29.0,369,257,375,29,8.67435134514654,2006,2006,251.55618900924966,740214,0.9995017438963627,"{'_idx': 125, 'median': 369, 'year': 2006}","{'_idx': 125, 'median': 257, 'year': 2006}","{'_idx': 125, 'median': 375, 'year': 2006}","{'_idx': 125, 'median': 29, 'year': 2006}","{'_idx': 125, 'median': 8.67435134514654, 'year': 2006}","{'_idx': 125, 'median': 369, 'year': 2006}","{'_idx': 125, 'median': 257, 'year': 2006}","{'_idx': 125, 'median': 375, 'year': 2006}","{'_idx': 125, 'median': 29, 'year': 2006}","{'_idx': 125, 'median': 8.67435134514654, 'year': 2006}","{'_idx': 125, 'median': 369, 'year': 2006}","{'_idx': 125, 'median': 257, 'year': 2006}","{'_idx': 125, 'median': 375, 'year': 2006}","{'_idx': 125, 'median': 29, 'year': 2006}","{'_idx': 125, 'median': 8.67435134514654, 'year': 2006}","{'_idx': 125, 'median': 369, 'year': 2006}","{'_idx': 125, 'median': 257, 'year': 2006}","{'_idx': 125, 'median': 375, 'year': 2006}","{'_idx': 125, 'median': 29, 'year': 2006}","{'_idx': 125, 'median': 8.67435134514654, 'year': 2006}"
-2.708333333,112.4583333,2007,47.65750018,0.61270541,369.0,257.0,375.0,264.4679260253906,3126.485363006592,8.67435134514654,29.0,369,257,375,29,8.67435134514654,2007,2007,251.55618900924966,740583,0.9995019920318725,"{'_idx': 126, 'median': 369, 'year': 2007}","{'_idx': 126, 'median': 257, 'year': 2007}","{'_idx': 126, 'median': 375, 'year': 2007}","{'_idx': 126, 'median': 29, 'year': 2007}","{'_idx': 126, 'median': 8.67435134514654, 'year': 2007}","{'_idx': 126, 'median': 369, 'year': 2007}","{'_idx': 126, 'median': 257, 'year': 2007}","{'_idx': 126, 'median': 375, 'year': 2007}","{'_idx': 126, 'median': 29, 'year': 2007}","{'_idx': 126, 'median': 8.67435134514654, 'year': 2007}","{'_idx': 126, 'median': 369, 'year': 2007}","{'_idx': 126, 'median': 257, 'year': 2007}","{'_idx': 126, 'median': 375, 'year': 2007}","{'_idx': 126, 'median': 29, 'year': 2007}","{'_idx': 126, 'median': 8.67435134514654, 'year': 2007}","{'_idx': 126, 'median': 369, 'year': 2007}","{'_idx': 126, 'median': 257, 'year': 2007}","{'_idx': 126, 'median': 375, 'year': 2007}","{'_idx': 126, 'median': 29, 'year': 2007}","{'_idx': 126, 'median': 8.67435134514654, 'year': 2007}"
-2.708333333,112.4583333,2008,70.39749426,0.5796982645988464,369.0,257.0,375.0,269.7929992675781,3457.283644199372,8.67435134514654,29.0,369,257,375,29,8.67435134514654,2008,2008,251.55618900924966,740952,0.9995022399203584,"{'_idx': 127, 'median': 369, 'year': 2008}","{'_idx': 127, 'median': 257, 'year': 2008}","{'_idx': 127, 'median': 375, 'year': 2008}","{'_idx': 127, 'median': 29, 'year': 2008}","{'_idx': 127, 'median': 8.67435134514654, 'year': 2008}","{'_idx': 127, 'median': 369, 'year': 2008}","{'_idx': 127, 'median': 257, 'year': 2008}","{'_idx': 127, 'median': 375, 'year': 2008}","{'_idx': 127, 'median': 29, 'year': 2008}","{'_idx': 127, 'median': 8.67435134514654, 'year': 2008}","{'_idx': 127, 'median': 369, 'year': 2008}","{'_idx': 127, 'median': 257, 'year': 2008}","{'_idx': 127, 'median': 375, 'year': 2008}","{'_idx': 127, 'median': 29, 'year': 2008}","{'_idx': 127, 'median': 8.67435134514654, 'year': 2008}","{'_idx': 127, 'median': 369, 'year': 2008}","{'_idx': 127, 'median': 257, 'year': 2008}","{'_idx': 127, 'median': 375, 'year': 2008}","{'_idx': 127, 'median': 29, 'year': 2008}","{'_idx': 127, 'median': 8.67435134514654, 'year': 2008}"
-2.708333333,112.4583333,2009,78.91250086,0.6471932530403137,369.0,257.0,375.0,240.49420166015625,2727.2328672409058,8.67435134514654,29.0,369,257,375,29,8.67435134514654,2009,2009,251.55618900924966,741321,0.9995024875621891,"{'_idx': 128, 'median': 369, 'year': 2009}","{'_idx': 128, 'median': 257, 'year': 2009}","{'_idx': 128, 'median': 375, 'year': 2009}","{'_idx': 128, 'median': 29, 'year': 2009}","{'_idx': 128, 'median': 8.67435134514654, 'year': 2009}","{'_idx': 128, 'median': 369, 'year': 2009}","{'_idx': 128, 'median': 257, 'year': 2009}","{'_idx': 128, 'median': 375, 'year': 2009}","{'_idx': 128, 'median': 29, 'year': 2009}","{'_idx': 128, 'median': 8.67435134514654, 'year': 2009}","{'_idx': 128, 'median': 369, 'year': 2009}","{'_idx': 128, 'median': 257, 'year': 2009}","{'_idx': 128, 'median': 375, 'year': 2009}","{'_idx': 128, 'median': 29, 'year': 2009}","{'_idx': 128, 'median': 8.67435134514654, 'year': 2009}","{'_idx': 128, 'median': 369, 'year': 2009}","{'_idx': 128, 'median': 257, 'year': 2009}","{'_idx': 128, 'median': 375, 'year': 2009}","{'_idx': 128, 'median': 29, 'year': 2009}","{'_idx': 128, 'median': 8.67435134514654, 'year': 2009}"
-2.708333333,112.4583333,2010,82.7900085,0.7202622890472412,369.0,257.0,375.0,332.27166748046875,4278.675091505051,8.67435134514654,29.0,369,257,375,29,8.67435134514654,2010,2010,251.55618900924966,741690,0.9995027349577325,"{'_idx': 129, 'median': 369, 'year': 2010}","{'_idx': 129, 'median': 257, 'year': 2010}","{'_idx': 129, 'median': 375, 'year': 2010}","{'_idx': 129, 'median': 29, 'year': 2010}","{'_idx': 129, 'median': 8.67435134514654, 'year': 2010}","{'_idx': 129, 'median': 369, 'year': 2010}","{'_idx': 129, 'median': 257, 'year': 2010}","{'_idx': 129, 'median': 375, 'year': 2010}","{'_idx': 129, 'median': 29, 'year': 2010}","{'_idx': 129, 'median': 8.67435134514654, 'year': 2010}","{'_idx': 129, 'median': 369, 'year': 2010}","{'_idx': 129, 'median': 257, 'year': 2010}","{'_idx': 129, 'median': 375, 'year': 2010}","{'_idx': 129, 'median': 29, 'year': 2010}","{'_idx': 129, 'median': 8.67435134514654, 'year': 2010}","{'_idx': 129, 'median': 369, 'year': 2010}","{'_idx': 129, 'median': 257, 'year': 2010}","{'_idx': 129, 'median': 375, 'year': 2010}","{'_idx': 129, 'median': 29, 'year': 2010}","{'_idx': 129, 'median': 8.67435134514654, 'year': 2010}"
-2.708333333,112.4583333,2011,96.22502612,0.7428990602493286,369.0,257.0,375.0,233.83468627929688,3137.7156212329865,8.67435134514654,29.0,369,257,375,29,8.67435134514654,2011,2011,251.55618900924966,742059,0.9995029821073559,"{'_idx': 130, 'median': 369, 'year': 2011}","{'_idx': 130, 'median': 257, 'year': 2011}","{'_idx': 130, 'median': 375, 'year': 2011}","{'_idx': 130, 'median': 29, 'year': 2011}","{'_idx': 130, 'median': 8.67435134514654, 'year': 2011}","{'_idx': 130, 'median': 369, 'year': 2011}","{'_idx': 130, 'median': 257, 'year': 2011}","{'_idx': 130, 'median': 375, 'year': 2011}","{'_idx': 130, 'median': 29, 'year': 2011}","{'_idx': 130, 'median': 8.67435134514654, 'year': 2011}","{'_idx': 130, 'median': 369, 'year': 2011}","{'_idx': 130, 'median': 257, 'year': 2011}","{'_idx': 130, 'median': 375, 'year': 2011}","{'_idx': 130, 'median': 29, 'year': 2011}","{'_idx': 130, 'median': 8.67435134514654, 'year': 2011}","{'_idx': 130, 'median': 369, 'year': 2011}","{'_idx': 130, 'median': 257, 'year': 2011}","{'_idx': 130, 'median': 375, 'year': 2011}","{'_idx': 130, 'median': 29, 'year': 2011}","{'_idx': 130, 'median': 8.67435134514654, 'year': 2011}"
-2.708333333,112.4583333,2012,96.43752682,0.8136,369.0,257.0,375.0,251.7559356689453,2508.292024254799,8.67435134514654,29.0,369,257,375,29,8.67435134514654,2012,2012,251.55618900924966,742428,0.9995032290114257,"{'_idx': 131, 'median': 369, 'year': 2012}","{'_idx': 131, 'median': 257, 'year': 2012}","{'_idx': 131, 'median': 375, 'year': 2012}","{'_idx': 131, 'median': 29, 'year': 2012}","{'_idx': 131, 'median': 8.67435134514654, 'year': 2012}","{'_idx': 131, 'median': 369, 'year': 2012}","{'_idx': 131, 'median': 257, 'year': 2012}","{'_idx': 131, 'median': 375, 'year': 2012}","{'_idx': 131, 'median': 29, 'year': 2012}","{'_idx': 131, 'median': 8.67435134514654, 'year': 2012}","{'_idx': 131, 'median': 369, 'year': 2012}","{'_idx': 131, 'median': 257, 'year': 2012}","{'_idx': 131, 'median': 375, 'year': 2012}","{'_idx': 131, 'median': 29, 'year': 2012}","{'_idx': 131, 'median': 8.67435134514654, 'year': 2012}","{'_idx': 131, 'median': 369, 'year': 2012}","{'_idx': 131, 'median': 257, 'year': 2012}","{'_idx': 131, 'median': 375, 'year': 2012}","{'_idx': 131, 'median': 29, 'year': 2012}","{'_idx': 131, 'median': 8.67435134514654, 'year': 2012}"
-2.708333333,112.4583333,2013,55.63250589,0.799595707,369.0,257.0,375.0,274.22381591796875,2883.091834306717,8.67435134514654,29.0,369,257,375,29,8.67435134514654,2013,2013,251.55618900924966,742797,0.9995034756703078,"{'_idx': 132, 'median': 369, 'year': 2013}","{'_idx': 132, 'median': 257, 'year': 2013}","{'_idx': 132, 'median': 375, 'year': 2013}","{'_idx': 132, 'median': 29, 'year': 2013}","{'_idx': 132, 'median': 8.67435134514654, 'year': 2013}","{'_idx': 132, 'median': 369, 'year': 2013}","{'_idx': 132, 'median': 257, 'year': 2013}","{'_idx': 132, 'median': 375, 'year': 2013}","{'_idx': 132, 'median': 29, 'year': 2013}","{'_idx': 132, 'median': 8.67435134514654, 'year': 2013}","{'_idx': 132, 'median': 369, 'year': 2013}","{'_idx': 132, 'median': 257, 'year': 2013}","{'_idx': 132, 'median': 375, 'year': 2013}","{'_idx': 132, 'median': 29, 'year': 2013}","{'_idx': 132, 'median': 8.67435134514654, 'year': 2013}","{'_idx': 132, 'median': 369, 'year': 2013}","{'_idx': 132, 'median': 257, 'year': 2013}","{'_idx': 132, 'median': 375, 'year': 2013}","{'_idx': 132, 'median': 29, 'year': 2013}","{'_idx': 132, 'median': 8.67435134514654, 'year': 2013}"
-2.708333333,112.4583333,2014,53.70751008,0.081249599,369.0,257.0,375.0,227.0087127685547,2528.3637629151344,8.67435134514654,29.0,369,257,375,29,8.67435134514654,2014,2014,251.55618900924966,743166,0.9995037220843672,"{'_idx': 133, 'median': 369, 'year': 2014}","{'_idx': 133, 'median': 257, 'year': 2014}","{'_idx': 133, 'median': 375, 'year': 2014}","{'_idx': 133, 'median': 29, 'year': 2014}","{'_idx': 133, 'median': 8.67435134514654, 'year': 2014}","{'_idx': 133, 'median': 369, 'year': 2014}","{'_idx': 133, 'median': 257, 'year': 2014}","{'_idx': 133, 'median': 375, 'year': 2014}","{'_idx': 133, 'median': 29, 'year': 2014}","{'_idx': 133, 'median': 8.67435134514654, 'year': 2014}","{'_idx': 133, 'median': 369, 'year': 2014}","{'_idx': 133, 'median': 257, 'year': 2014}","{'_idx': 133, 'median': 375, 'year': 2014}","{'_idx': 133, 'median': 29, 'year': 2014}","{'_idx': 133, 'median': 8.67435134514654, 'year': 2014}","{'_idx': 133, 'median': 369, 'year': 2014}","{'_idx': 133, 'median': 257, 'year': 2014}","{'_idx': 133, 'median': 375, 'year': 2014}","{'_idx': 133, 'median': 29, 'year': 2014}","{'_idx': 133, 'median': 8.67435134514654, 'year': 2014}"
-2.708333333,112.4583333,2015,55.98750493,0.835100395,369.0,257.0,375.0,235.53570556640625,2475.726220369339,8.67435134514654,29.0,369,257,375,29,8.67435134514654,2015,2015,251.55618900924966,743535,0.9995039682539683,"{'_idx': 134, 'median': 369, 'year': 2015}","{'_idx': 134, 'median': 257, 'year': 2015}","{'_idx': 134, 'median': 375, 'year': 2015}","{'_idx': 134, 'median': 29, 'year': 2015}","{'_idx': 134, 'median': 8.67435134514654, 'year': 2015}","{'_idx': 134, 'median': 369, 'year': 2015}","{'_idx': 134, 'median': 257, 'year': 2015}","{'_idx': 134, 'median': 375, 'year': 2015}","{'_idx': 134, 'median': 29, 'year': 2015}","{'_idx': 134, 'median': 8.67435134514654, 'year': 2015}","{'_idx': 134, 'median': 369, 'year': 2015}","{'_idx': 134, 'median': 257, 'year': 2015}","{'_idx': 134, 'median': 375, 'year': 2015}","{'_idx': 134, 'median': 29, 'year': 2015}","{'_idx': 134, 'median': 8.67435134514654, 'year': 2015}","{'_idx': 134, 'median': 369, 'year': 2015}","{'_idx': 134, 'median': 257, 'year': 2015}","{'_idx': 134, 'median': 375, 'year': 2015}","{'_idx': 134, 'median': 29, 'year': 2015}","{'_idx': 134, 'median': 8.67435134514654, 'year': 2015}"
-2.708333333,112.4583333,2016,55.72000449,0.715113418,369.0,257.0,375.0,293.3817443847656,3460.193583250046,8.67435134514654,29.0,369,257,375,29,8.67435134514654,2016,2016,251.55618900924966,743904,0.9995042141794744,"{'_idx': 135, 'median': 369, 'year': 2016}","{'_idx': 135, 'median': 257, 'year': 2016}","{'_idx': 135, 'median': 375, 'year': 2016}","{'_idx': 135, 'median': 29, 'year': 2016}","{'_idx': 135, 'median': 8.67435134514654, 'year': 2016}","{'_idx': 135, 'median': 369, 'year': 2016}","{'_idx': 135, 'median': 257, 'year': 2016}","{'_idx': 135, 'median': 375, 'year': 2016}","{'_idx': 135, 'median': 29, 'year': 2016}","{'_idx': 135, 'median': 8.67435134514654, 'year': 2016}","{'_idx': 135, 'median': 369, 'year': 2016}","{'_idx': 135, 'median': 257, 'year': 2016}","{'_idx': 135, 'median': 375, 'year': 2016}","{'_idx': 135, 'median': 29, 'year': 2016}","{'_idx': 135, 'median': 8.67435134514654, 'year': 2016}","{'_idx': 135, 'median': 369, 'year': 2016}","{'_idx': 135, 'median': 257, 'year': 2016}","{'_idx': 135, 'median': 375, 'year': 2016}","{'_idx': 135, 'median': 29, 'year': 2016}","{'_idx': 135, 'median': 8.67435134514654, 'year': 2016}"
-2.708333333,112.4583333,2017,32.93500403,0.708377559,369.0,257.0,375.0,276.3212280273437,3068.9624703526497,8.67435134514654,29.0,369,257,375,29,8.67435134514654,2017,2017,251.55618900924966,744273,0.9995044598612488,"{'_idx': 136, 'median': 369, 'year': 2017}","{'_idx': 136, 'median': 257, 'year': 2017}","{'_idx': 136, 'median': 375, 'year': 2017}","{'_idx': 136, 'median': 29, 'year': 2017}","{'_idx': 136, 'median': 8.67435134514654, 'year': 2017}","{'_idx': 136, 'median': 369, 'year': 2017}","{'_idx': 136, 'median': 257, 'year': 2017}","{'_idx': 136, 'median': 375, 'year': 2017}","{'_idx': 136, 'median': 29, 'year': 2017}","{'_idx': 136, 'median': 8.67435134514654, 'year': 2017}","{'_idx': 136, 'median': 369, 'year': 2017}","{'_idx': 136, 'median': 257, 'year': 2017}","{'_idx': 136, 'median': 375, 'year': 2017}","{'_idx': 136, 'median': 29, 'year': 2017}","{'_idx': 136, 'median': 8.67435134514654, 'year': 2017}","{'_idx': 136, 'median': 369, 'year': 2017}","{'_idx': 136, 'median': 257, 'year': 2017}","{'_idx': 136, 'median': 375, 'year': 2017}","{'_idx': 136, 'median': 29, 'year': 2017}","{'_idx': 136, 'median': 8.67435134514654, 'year': 2017}"
-2.708333333,112.4583333,2018,63.39000134,0.735376585,369.0,257.0,375.0,259.4686889648437,2744.290079504498,8.67435134514654,29.0,369,257,375,29,8.67435134514654,2018,2018,251.55618900924966,744642,0.9995047052996533,"{'_idx': 137, 'median': 369, 'year': 2018}","{'_idx': 137, 'median': 257, 'year': 2018}","{'_idx': 137, 'median': 375, 'year': 2018}","{'_idx': 137, 'median': 29, 'year': 2018}","{'_idx': 137, 'median': 8.67435134514654, 'year': 2018}","{'_idx': 137, 'median': 369, 'year': 2018}","{'_idx': 137, 'median': 257, 'year': 2018}","{'_idx': 137, 'median': 375, 'year': 2018}","{'_idx': 137, 'median': 29, 'year': 2018}","{'_idx': 137, 'median': 8.67435134514654, 'year': 2018}","{'_idx': 137, 'median': 369, 'year': 2018}","{'_idx': 137, 'median': 257, 'year': 2018}","{'_idx': 137, 'median': 375, 'year': 2018}","{'_idx': 137, 'median': 29, 'year': 2018}","{'_idx': 137, 'median': 8.67435134514654, 'year': 2018}","{'_idx': 137, 'median': 369, 'year': 2018}","{'_idx': 137, 'median': 257, 'year': 2018}","{'_idx': 137, 'median': 375, 'year': 2018}","{'_idx': 137, 'median': 29, 'year': 2018}","{'_idx': 137, 'median': 8.67435134514654, 'year': 2018}"
-2.708333333,112.4583333,2019,39.45750198,0.753720302,369.0,257.0,375.0,265.5254821777344,2187.8318670988083,8.67435134514654,29.0,369,257,375,29,8.67435134514654,2019,2019,251.55618900924966,745011,0.9995049504950495,"{'_idx': 138, 'median': 369, 'year': 2019}","{'_idx': 138, 'median': 257, 'year': 2019}","{'_idx': 138, 'median': 375, 'year': 2019}","{'_idx': 138, 'median': 29, 'year': 2019}","{'_idx': 138, 'median': 8.67435134514654, 'year': 2019}","{'_idx': 138, 'median': 369, 'year': 2019}","{'_idx': 138, 'median': 257, 'year': 2019}","{'_idx': 138, 'median': 375, 'year': 2019}","{'_idx': 138, 'median': 29, 'year': 2019}","{'_idx': 138, 'median': 8.67435134514654, 'year': 2019}","{'_idx': 138, 'median': 369, 'year': 2019}","{'_idx': 138, 'median': 257, 'year': 2019}","{'_idx': 138, 'median': 375, 'year': 2019}","{'_idx': 138, 'median': 29, 'year': 2019}","{'_idx': 138, 'median': 8.67435134514654, 'year': 2019}","{'_idx': 138, 'median': 369, 'year': 2019}","{'_idx': 138, 'median': 257, 'year': 2019}","{'_idx': 138, 'median': 375, 'year': 2019}","{'_idx': 138, 'median': 29, 'year': 2019}","{'_idx': 138, 'median': 8.67435134514654, 'year': 2019}"
-2.708333333,112.4583333,2020,33.91250527,0.471404274,369.0,257.0,375.0,304.2470092773437,3608.780754644657,8.67435134514654,29.0,369,257,375,29,8.67435134514654,2020,2020,251.55618900924966,745380,0.9995051954477981,"{'_idx': 139, 'median': 369, 'year': 2020}","{'_idx': 139, 'median': 257, 'year': 2020}","{'_idx': 139, 'median': 375, 'year': 2020}","{'_idx': 139, 'median': 29, 'year': 2020}","{'_idx': 139, 'median': 8.67435134514654, 'year': 2020}","{'_idx': 139, 'median': 369, 'year': 2020}","{'_idx': 139, 'median': 257, 'year': 2020}","{'_idx': 139, 'median': 375, 'year': 2020}","{'_idx': 139, 'median': 29, 'year': 2020}","{'_idx': 139, 'median': 8.67435134514654, 'year': 2020}","{'_idx': 139, 'median': 369, 'year': 2020}","{'_idx': 139, 'median': 257, 'year': 2020}","{'_idx': 139, 'median': 375, 'year': 2020}","{'_idx': 139, 'median': 29, 'year': 2020}","{'_idx': 139, 'median': 8.67435134514654, 'year': 2020}","{'_idx': 139, 'median': 369, 'year': 2020}","{'_idx': 139, 'median': 257, 'year': 2020}","{'_idx': 139, 'median': 375, 'year': 2020}","{'_idx': 139, 'median': 29, 'year': 2020}","{'_idx': 139, 'median': 8.67435134514654, 'year': 2020}"
